Symbol,Date,Open,High,Low,Close,Volume
AAB.TO,28 Feb 2019,0.05,0.05,0.05,0.05,23000
AAV.TO,28 Feb 2019,2.25,2.28,2.15,2.24,722797
ABT.TO,28 Feb 2019,9.13,9.19,9.1,9.16,100430
ABX.TO,28 Feb 2019,16.48,16.65,16.41,16.6,6170211
AC.TO,28 Feb 2019,35,35.5,32.88,33.11,3089851
ACB.TO,28 Feb 2019,9.97,10.08,9.85,9.92,11331350
ACB.WT.TO,28 Feb 2019,6.06,6.27,6.06,6.09,32967
ACD.TO,28 Feb 2019,9.6,9.96,9.6,9.96,19313
ACI.TO,28 Feb 2019,17,17,16.62,16.77,36370
ACO.X.TO,28 Feb 2019,43.44,44.41,43.17,44.29,469522
ACO.Y.TO,28 Feb 2019,43.9,44.1,43.7,44.1,500
ACQ.TO,28 Feb 2019,12.86,12.89,12.6,12.83,91892
ACZ.UN.TO,28 Feb 2019,12.4,12.44,12.35,12.44,2100
AD.TO,28 Feb 2019,19.5,19.67,19.42,19.65,111426
ADN.TO,28 Feb 2019,17.47,17.47,17.05,17.14,10000
ADVZ.TO,28 Feb 2019,24.75,24.97,24.54,24.75,8218
ADVZ.U.TO,28 Feb 2019,18.83,19.31,18.83,19.31,1400
ADW.A.TO,28 Feb 2019,13.29,13.31,12.91,13.14,30761
ADW.B.TO,28 Feb 2019,13.25,13.25,13,13,300
AEF.TO,28 Feb 2019,0.79,0.79,0.76,0.77,82500
AEM.TO,28 Feb 2019,55.75,56.16,55.58,55.97,1187095
AEZS.TO,28 Feb 2019,5.47,5.47,5.15,5.24,16250
AFN.TO,28 Feb 2019,59.3,59.3,57.94,58.4,77902
AFN.DB.C.TO,28 Feb 2019,108,108,108,108,3000
AFN.DB.D.TO,28 Feb 2019,101.2,101.2,101.2,101.2,86000
AFN.DB.E.TO,28 Feb 2019,99.99,100,99.74,100,110000
AGF.B.TO,28 Feb 2019,5.38,5.41,5.12,5.19,98616
AGI.TO,28 Feb 2019,6.34,6.38,6.26,6.36,1030240
AGT.TO,28 Feb 2019,17.8,17.81,17.78,17.81,126290
AI.TO,28 Feb 2019,13.33,13.33,13.17,13.24,39576
AI.DB.A.TO,28 Feb 2019,100.02,100.02,100.02,100.02,58000
AI.DB.B.TO,28 Feb 2019,101,101,101,101,5000
AI.DB.C.TO,28 Feb 2019,97.6,97.89,97.51,97.8,26000
AIF.TO,28 Feb 2019,25.77,26.42,25.77,26.33,148851
AII.TO,28 Feb 2019,0.65,0.65,0.65,0.65,10000
AIM.TO,28 Feb 2019,3.75,3.8,3.75,3.8,181632
AIM.PR.A.TO,28 Feb 2019,24.81,24.89,24.75,24.85,41000
AIM.PR.B.TO,28 Feb 2019,25,25,24.85,25,5500
AIM.PR.C.TO,28 Feb 2019,25.3,25.36,25.3,25.35,50300
AJX.TO,28 Feb 2019,0.73,0.75,0.72,0.75,15000
AKG.TO,28 Feb 2019,0.92,0.92,0.9,0.92,143000
AKT.A.TO,28 Feb 2019,3.79,3.92,3.7,3.92,2110
AKT.B.TO,28 Feb 2019,3.85,3.85,3.85,3.85,100
AKU.TO,28 Feb 2019,4.75,4.75,4.75,4.75,1700
AKU.U.TO,28 Feb 2019,3.74,3.74,3.6,3.6,4900
ALA.TO,28 Feb 2019,16.89,17.81,16.85,17.68,4681475
ALA.PR.A.TO,28 Feb 2019,14.75,15.4,14.75,15.35,14444
ALA.PR.B.TO,28 Feb 2019,14.85,15.5,14.85,15.4,4600
ALA.PR.E.TO,28 Feb 2019,18.25,18.63,18.25,18.63,9940
ALA.PR.G.TO,28 Feb 2019,16.73,17.09,16.7,17.09,6368
ALA.PR.I.TO,28 Feb 2019,21.41,21.89,21.41,21.89,10173
ALA.PR.K.TO,28 Feb 2019,19.29,20.08,19.29,20.08,20325
ALA.PR.U.TO,28 Feb 2019,19.2,20,19.2,19.88,16172
ALB.TO,28 Feb 2019,27.48,27.48,25.66,26,918
ALC.TO,28 Feb 2019,13.29,13.38,13.15,13.15,728
ALC.DB.A.TO,28 Feb 2019,100.85,101,100,100,135000
ALO.TO,28 Feb 2019,1.16,1.21,1.14,1.19,85700
ALS.TO,28 Feb 2019,12.54,12.7,12.36,12.65,67185
ALYA.TO,28 Feb 2019,3.58,3.69,3.57,3.57,23900
AMM.TO,28 Feb 2019,0.85,0.87,0.83,0.85,44551
ANX.TO,28 Feb 2019,0.27,0.27,0.26,0.26,135950
AOI.TO,28 Feb 2019,1.18,1.19,1.17,1.17,39179
AP.UN.TO,28 Feb 2019,47.54,48.29,47.51,48.01,353306
APHA.TO,28 Feb 2019,13.39,13.89,13.28,13.64,5816525
APR.UN.TO,28 Feb 2019,10.61,10.69,10.49,10.52,40008
APS.TO,28 Feb 2019,2.4,2.44,2.3,2.31,20300
AQA.TO,28 Feb 2019,0.2,0.2,0.2,0.2,35000
AQN.TO,28 Feb 2019,14.5,14.7,14.47,14.6,1881954
AQN.PR.A.TO,28 Feb 2019,19.69,19.78,19.6,19.78,3900
AQN.PR.D.TO,28 Feb 2019,20.9,21.01,20.8,20.84,9950
AQY.A.TO,28 Feb 2019,10.09,10.09,10.08,10.08,288500
AR.TO,28 Feb 2019,1.84,1.86,1.79,1.86,348627
ARE.TO,28 Feb 2019,18.42,18.55,18.25,18.36,189691
ARE.DB.C.TO,28 Feb 2019,104,104,104,104,30000
ARG.TO,28 Feb 2019,1.18,1.19,1.13,1.15,156843
ARX.TO,28 Feb 2019,10.37,10.39,9.9,9.94,3222847
ASM.TO,28 Feb 2019,0.92,0.94,0.87,0.89,19210
ASND.TO,28 Feb 2019,0.52,0.52,0.52,0.52,17500
ASO.TO,28 Feb 2019,2.85,2.85,2.85,2.85,200
ASP.TO,28 Feb 2019,0.13,0.13,0.13,0.13,41100
ASR.TO,28 Feb 2019,3.38,3.42,3.29,3.29,1060837
ATA.TO,28 Feb 2019,18.53,18.61,18.28,18.53,286935
ATD.A.TO,28 Feb 2019,75.73,75.73,74.28,74.4,1669
ATD.B.TO,28 Feb 2019,74.95,75.31,73.97,74.17,887482
ATH.TO,28 Feb 2019,0.95,0.95,0.92,0.95,520064
ATL.TO,28 Feb 2019,0.09,0.09,0.09,0.09,9000
ATP.TO,28 Feb 2019,3.55,3.6,3.54,3.55,27776
ATP.DB.E.TO,28 Feb 2019,107,108,107,108,91000
ATZ.TO,28 Feb 2019,16.33,16.34,16.05,16.16,491197
AUG.TO,28 Feb 2019,1.56,1.63,1.52,1.63,96676
AUMN.TO,28 Feb 2019,0.44,0.44,0.41,0.41,9800
AUP.TO,28 Feb 2019,9.3,9.34,8.87,8.91,118788
AVL.TO,28 Feb 2019,0.06,0.06,0.05,0.05,73700
AVP.TO,28 Feb 2019,0.06,0.07,0.05,0.06,487000
AW.UN.TO,28 Feb 2019,38.98,39.49,38.83,39.49,17331
AX.PR.A.TO,28 Feb 2019,21.85,21.85,21.78,21.8,1300
AX.PR.E.TO,28 Feb 2019,20.35,20.4,20.35,20.4,2100
AX.PR.G.TO,28 Feb 2019,21.56,21.6,21.56,21.6,5600
AX.PR.I.TO,28 Feb 2019,23.91,23.95,23.6,23.91,6450
AX.UN.TO,28 Feb 2019,10.58,10.71,10.58,10.65,479431
AXR.TO,28 Feb 2019,1.71,1.75,1.7,1.74,33582
AZP.PR.A.TO,28 Feb 2019,14.4,14.4,14.33,14.33,15500
AZP.PR.B.TO,28 Feb 2019,18.57,18.58,18.47,18.55,1318
AZZ.TO,28 Feb 2019,0.25,0.25,0.23,0.23,20922
BAD.TO,28 Feb 2019,37.71,38.26,37.37,38.23,134266
BAM.A.TO,28 Feb 2019,58.97,59.93,58.97,59.44,1718630
BAM.PF.A.TO,28 Feb 2019,21.5,21.7,21.5,21.57,100952
BAM.PF.B.TO,28 Feb 2019,19.1,19.59,19.02,19.59,97100
BAM.PF.C.TO,28 Feb 2019,20.94,21.24,20.94,21.24,2425
BAM.PF.D.TO,28 Feb 2019,21.56,21.65,21.53,21.56,2900
BAM.PF.E.TO,28 Feb 2019,18.9,18.9,18.67,18.83,1202
BAM.PF.F.TO,28 Feb 2019,19.85,20.01,19.82,20.01,4900
BAM.PF.G.TO,28 Feb 2019,19.76,20.14,19.7,20.14,11500
BAM.PF.H.TO,28 Feb 2019,25.68,25.71,25.6,25.71,41900
BAM.PF.I.TO,28 Feb 2019,25.27,25.58,25.27,25.58,1528
BAM.PF.J.TO,28 Feb 2019,24.35,24.49,24.35,24.49,4440
BAM.PR.B.TO,28 Feb 2019,12.58,12.63,12.54,12.58,31113
BAM.PR.C.TO,28 Feb 2019,12.48,12.48,12.48,12.48,1535
BAM.PR.K.TO,28 Feb 2019,12.65,12.65,12.52,12.56,3000
BAM.PR.M.TO,28 Feb 2019,20.72,20.92,20.72,20.92,1059
BAM.PR.N.TO,28 Feb 2019,20.64,20.9,20.64,20.88,1968
BAM.PR.R.TO,28 Feb 2019,17.01,17.01,16.81,17.01,1600
BAM.PR.S.TO,28 Feb 2019,16.8,16.8,16.8,16.8,900
BAM.PR.T.TO,28 Feb 2019,17.03,17.34,17.03,17.34,900
BAM.PR.X.TO,28 Feb 2019,14.76,15.15,14.76,15.15,3700
BAM.PR.Z.TO,28 Feb 2019,20.72,20.81,20.55,20.81,24068
BAR.TO,28 Feb 2019,0.15,0.16,0.15,0.15,57170
BB.TO,28 Feb 2019,11.41,11.49,11.33,11.44,855950
BBD.A.TO,28 Feb 2019,2.71,2.85,2.69,2.84,231688
BBD.B.TO,28 Feb 2019,2.65,2.82,2.59,2.8,15840030
BBD.PR.B.TO,28 Feb 2019,11.78,11.9,11.43,11.84,15700
BBD.PR.C.TO,28 Feb 2019,20.08,20.15,19.96,20.1,4250
BBD.PR.D.TO,28 Feb 2019,11.97,12.05,11.8,11.94,3870
BBL.A.TO,28 Feb 2019,6.3,6.3,6.3,6.3,800
BBU.UN.TO,28 Feb 2019,48.69,49.46,48.23,48.86,54360
BCB.TO,28 Feb 2019,19.32,19.9,19.32,19.77,329101
BCE.TO,28 Feb 2019,58.4,58.82,58.38,58.52,2732408
BCE.PR.A.TO,28 Feb 2019,16.14,16.14,15.85,15.99,3192
BCE.PR.B.TO,28 Feb 2019,16.48,16.48,16.43,16.47,1654
BCE.PR.C.TO,28 Feb 2019,17.14,17.14,16.99,17,20641
BCE.PR.D.TO,28 Feb 2019,16.53,16.53,16.53,16.53,200
BCE.PR.E.TO,28 Feb 2019,16.6,16.6,16.34,16.44,3950
BCE.PR.F.TO,28 Feb 2019,16.45,16.45,16.15,16.25,819
BCE.PR.G.TO,28 Feb 2019,15.52,15.61,15.52,15.61,3000
BCE.PR.H.TO,28 Feb 2019,16.44,16.44,16.25,16.4,2400
BCE.PR.I.TO,28 Feb 2019,15.65,15.65,15.65,15.65,100
BCE.PR.J.TO,28 Feb 2019,16.39,16.43,16.38,16.4,1406
BCE.PR.K.TO,28 Feb 2019,14.76,14.88,14.67,14.87,17560
BCE.PR.L.TO,28 Feb 2019,15.05,15.05,15,15,3100
BCE.PR.M.TO,28 Feb 2019,15.21,15.55,15.21,15.55,3900
BCE.PR.N.TO,28 Feb 2019,16.45,16.45,16.45,16.45,100
BCE.PR.O.TO,28 Feb 2019,20.45,20.45,20.45,20.45,1297
BCE.PR.Q.TO,28 Feb 2019,19.82,20.07,19.82,20.07,4300
BCE.PR.R.TO,28 Feb 2019,16.46,16.46,16.46,16.46,850
BCE.PR.S.TO,28 Feb 2019,16.7,16.7,16.43,16.47,3800
BCE.PR.T.TO,28 Feb 2019,15.65,15.65,15.65,15.65,100
BCE.PR.Y.TO,28 Feb 2019,16.48,16.51,16.43,16.45,4462
BDI.TO,28 Feb 2019,2.04,2.09,2.02,2.08,46799
BDIV.TO,28 Feb 2019,19.46,19.46,19.46,19.46,100
BDT.TO,28 Feb 2019,6.77,6.77,6.71,6.72,28807
BEI.UN.TO,28 Feb 2019,40.73,41.44,40.7,41.17,254885
BEP.PR.E.TO,28 Feb 2019,21.35,21.36,21.28,21.28,900
BEP.PR.G.TO,28 Feb 2019,24.71,24.85,24.7,24.85,1500
BEP.PR.I.TO,28 Feb 2019,25.42,25.6,25.29,25.5,14200
BEP.PR.K.TO,28 Feb 2019,22.14,22.31,22,22.31,2500
BEP.PR.M.TO,28 Feb 2019,21.94,21.94,21.06,21.7,9969
BEP.UN.TO,28 Feb 2019,39.35,39.92,39.28,39.61,468177
BFIN.TO,28 Feb 2019,19.42,19.42,19.42,19.42,258
BGC.TO,28 Feb 2019,20.4,20.4,20.4,20.4,935
BGI.UN.TO,28 Feb 2019,6.59,6.59,6.47,6.48,23257
BGU.TO,28 Feb 2019,23.5,23.52,23.47,23.47,1789
BGU.U.TO,28 Feb 2019,17.89,17.89,17.89,17.89,350
BHC.TO,28 Feb 2019,31.61,32.24,31.03,31.26,1257979
BIK.PR.A.TO,28 Feb 2019,25.11,25.28,25.05,25.25,9950
BIP.PR.A.TO,28 Feb 2019,20.75,20.75,20.51,20.51,25200
BIP.PR.B.TO,28 Feb 2019,24.8,25.04,24.8,25.04,6840
BIP.PR.C.TO,28 Feb 2019,24.75,24.87,24.58,24.87,1900
BIP.PR.D.TO,28 Feb 2019,22.18,22.5,22.17,22.5,2734
BIP.PR.E.TO,28 Feb 2019,20.62,20.75,20.55,20.75,3463
BIP.PR.F.TO,28 Feb 2019,21.91,22.05,21.79,21.99,7878
BIP.UN.TO,28 Feb 2019,52.64,53.27,52.51,52.55,226592
BIR.TO,28 Feb 2019,3.72,3.73,3.56,3.61,563802
BIR.PR.A.TO,28 Feb 2019,24.85,25.29,24.85,25.29,2600
BIR.PR.C.TO,28 Feb 2019,24.45,24.45,24.44,24.44,500
BK.TO,28 Feb 2019,11.52,11.52,11.22,11.3,14585
BK.PR.A.TO,28 Feb 2019,10.19,10.2,10.17,10.2,1900
BKI.TO,28 Feb 2019,0.08,0.08,0.07,0.07,1537429
BKL.F.TO,28 Feb 2019,18.46,18.46,18.46,18.46,100
BKX.TO,28 Feb 2019,0.26,0.26,0.25,0.25,58900
BL.UN.TO,28 Feb 2019,10.07,10.11,9.95,10.05,33004
BLB.UN.TO,28 Feb 2019,8.98,9,8.97,8.98,6837
BLDP.TO,28 Feb 2019,4.75,4.87,4.69,4.72,214677
BLU.TO,28 Feb 2019,1.27,1.28,1.24,1.28,83715
BLX.TO,28 Feb 2019,18.46,18.88,18.43,18.59,266971
BLX.DB.A.TO,28 Feb 2019,103.98,103.98,103.85,103.85,28000
BMO.TO,28 Feb 2019,102.59,103.27,102.2,102.62,1589420
BMO.PR.B.TO,28 Feb 2019,25.64,25.7,25.63,25.7,10740
BMO.PR.C.TO,28 Feb 2019,24.1,24.3,24.1,24.3,4704
BMO.PR.D.TO,28 Feb 2019,22.86,23.07,22.85,23.07,5246
BMO.PR.E.TO,28 Feb 2019,22.96,23.16,22.73,23.16,5310
BMO.PR.Q.TO,28 Feb 2019,23.5,23.64,23.43,23.64,7844
BMO.PR.S.TO,28 Feb 2019,19.5,19.58,19.38,19.58,9469
BMO.PR.T.TO,28 Feb 2019,19.11,19.19,19.08,19.19,28900
BMO.PR.W.TO,28 Feb 2019,19.01,19.24,19.01,19.24,5700
BMO.PR.Y.TO,28 Feb 2019,21.33,21.33,21,21.2,4563
BMO.PR.Z.TO,28 Feb 2019,24.86,24.94,24.8,24.8,600
BND.TO,28 Feb 2019,18.78,18.78,18.78,18.78,100
BNE.TO,28 Feb 2019,6.14,6.31,6.09,6.28,525825
BNG.TO,28 Feb 2019,0.13,0.13,0.12,0.12,216000
BNP.TO,28 Feb 2019,1.21,1.27,1.2,1.25,512627
BNS.TO,28 Feb 2019,72.5,73.26,72.38,73.14,4734650
BNS.PR.D.TO,28 Feb 2019,24.42,24.52,24.42,24.52,3245
BNS.PR.E.TO,28 Feb 2019,25.95,26,25.93,25.99,3625
BNS.PR.F.TO,28 Feb 2019,24.37,24.37,24.23,24.23,7900
BNS.PR.G.TO,28 Feb 2019,26.06,26.1,26.06,26.1,3800
BNS.PR.H.TO,28 Feb 2019,25.71,25.74,25.7,25.74,9683
BNS.PR.I.TO,28 Feb 2019,23.06,23.35,22.88,23.28,14708
BNS.PR.Y.TO,28 Feb 2019,24.46,24.75,24.46,24.75,4600
BNS.PR.Z.TO,28 Feb 2019,23.98,24.3,23.9,24.3,7100
BOS.TO,28 Feb 2019,8.25,8.28,8.08,8.25,26695
BOY.TO,28 Feb 2019,0.36,0.45,0.36,0.37,25500
BPF.UN.TO,28 Feb 2019,17.16,17.16,17.02,17.05,34519
BPO.PR.A.TO,28 Feb 2019,18.1,18.24,18.1,18.24,5050
BPO.PR.C.TO,28 Feb 2019,25.68,25.69,25.54,25.68,3397
BPO.PR.E.TO,28 Feb 2019,22.33,22.34,21.95,22.32,7180
BPO.PR.G.TO,28 Feb 2019,20.83,20.99,20.82,20.99,7500
BPO.PR.I.TO,28 Feb 2019,19.56,19.73,19.29,19.69,9919
BPO.PR.N.TO,28 Feb 2019,16.83,16.96,16.75,16.96,2682
BPO.PR.P.TO,28 Feb 2019,16.69,16.78,16.69,16.74,9900
BPO.PR.R.TO,28 Feb 2019,17.91,18.1,17.9,18.1,8022
BPO.PR.T.TO,28 Feb 2019,19.85,19.85,19.5,19.58,31766
BPY.UN.TO,28 Feb 2019,25.52,25.92,25.52,25.81,504995
BR.TO,28 Feb 2019,5.7,5.72,5.7,5.72,1600
BRB.TO,28 Feb 2019,3.84,3.84,3.8,3.8,2288
BRE.TO,28 Feb 2019,15.45,15.49,15.1,15.3,28433
BRF.PR.A.TO,28 Feb 2019,16.56,16.56,16.55,16.55,3300
BRF.PR.B.TO,28 Feb 2019,16.62,16.64,16.55,16.56,5800
BRF.PR.C.TO,28 Feb 2019,18.06,18.07,17.98,18.07,7300
BRF.PR.F.TO,28 Feb 2019,20.05,20.05,19.9,19.9,5475
BRY.TO,28 Feb 2019,0.24,0.29,0.23,0.23,205750
BSD.PR.A.TO,28 Feb 2019,9.52,9.54,9.39,9.39,6718
BSD.UN.TO,28 Feb 2019,0.7,0.7,0.7,0.7,7000
BSO.UN.TO,28 Feb 2019,4.03,4.03,3.96,3.96,3050
BSX.TO,28 Feb 2019,0.32,0.32,0.29,0.3,589750
BTB.UN.TO,28 Feb 2019,4.66,4.67,4.62,4.67,102510
BTE.TO,28 Feb 2019,2.43,2.44,2.34,2.36,2638228
BTO.TO,28 Feb 2019,4.23,4.25,4.1,4.14,3031531
BU.TO,28 Feb 2019,0.31,0.33,0.31,0.33,21900
BUA.UN.TO,28 Feb 2019,7.34,7.35,7.34,7.35,200
BXE.TO,28 Feb 2019,0.64,0.68,0.64,0.68,289322
BXE.DB.TO,28 Feb 2019,52,52,52,52,4000
BXF.TO,28 Feb 2019,10.22,10.22,10.21,10.21,4000
BYD.UN.TO,28 Feb 2019,124.39,124.4,121.55,121.86,15483
BYL.TO,28 Feb 2019,4.1,4.11,4.08,4.08,6200
CACB.TO,28 Feb 2019,20.37,20.37,20.34,20.34,1250
CAE.TO,28 Feb 2019,27.83,28.13,27.7,27.75,504611
CAGG.TO,28 Feb 2019,48.65,48.65,48.48,48.48,505
CAGS.TO,28 Feb 2019,48.84,48.84,48.84,48.84,200
CAL.TO,28 Feb 2019,6.82,7.02,6.81,6.94,6375
CAN.TO,28 Feb 2019,9.65,9.67,9.65,9.67,1239
CAR.UN.TO,28 Feb 2019,48.99,50.54,48.8,50.25,649386
CARS.TO,28 Feb 2019,18.99,18.99,18.99,18.99,200
CAS.TO,28 Feb 2019,8.95,9.11,8.46,8.81,1107407
CBH.TO,28 Feb 2019,18.56,18.56,18.54,18.55,3306
CBL.TO,28 Feb 2019,1.65,1.65,1.65,1.65,2300
CBO.TO,28 Feb 2019,18.43,18.43,18.42,18.43,13643
CBT.UN.TO,28 Feb 2019,9.42,9.42,9.42,9.42,1000
CCA.TO,28 Feb 2019,81.23,82.82,80.21,82.29,149919
CCI.UN.TO,28 Feb 2019,5.47,5.58,5.46,5.57,3600
CCL.A.TO,28 Feb 2019,54.09,54.09,54.09,54.09,295
CCL.B.TO,28 Feb 2019,54.8,55.03,53.7,53.76,452360
CCM.TO,28 Feb 2019,0.06,0.06,0.06,0.06,5000
CCO.TO,28 Feb 2019,15.61,15.63,15.15,15.27,963800
CCS.PR.C.TO,28 Feb 2019,23.01,23.02,22.81,22.95,19134
CCX.TO,28 Feb 2019,8.75,8.75,8.63,8.63,4179
CDAY.TO,28 Feb 2019,64.53,64.7,64.04,64.29,2177
CDH.TO,28 Feb 2019,0.71,0.71,0.69,0.7,16850
CDV.TO,28 Feb 2019,0.36,0.36,0.35,0.36,80500
CDZ.TO,28 Feb 2019,26.08,26.12,26,26.07,19018
CED.TO,28 Feb 2019,21.2,21.2,21.2,21.2,6400
CEE.TO,28 Feb 2019,1.62,1.64,1.56,1.6,32800
CEF.TO,28 Feb 2019,17,17.02,16.9,16.9,34450
CEF.U.TO,28 Feb 2019,12.99,12.99,12.87,12.87,1231
CERV.TO,28 Feb 2019,13.06,13.25,13.06,13.2,1950
CES.B.TO,28 Feb 2019,26.7,26.7,26.7,26.7,6327
CET.TO,28 Feb 2019,0.75,0.75,0.73,0.74,13800
CEU.TO,28 Feb 2019,3.2,3.2,3.11,3.16,334914
CEW.TO,28 Feb 2019,12.53,12.53,12.36,12.39,15827
CF.TO,28 Feb 2019,6.57,6.58,6.35,6.47,269570
CF.DB.A.TO,28 Feb 2019,103.01,103.01,103,103,33000
CF.PR.A.TO,28 Feb 2019,15.01,15.32,15,15.32,500
CF.PR.C.TO,28 Feb 2019,17.23,17.25,17.23,17.23,1378
CFF.TO,28 Feb 2019,1.69,1.7,1.61,1.69,140200
CFP.TO,28 Feb 2019,14.47,14.77,14,14.14,715077
CFW.TO,28 Feb 2019,3.5,3.54,3.26,3.42,569322
CFX.TO,28 Feb 2019,15.79,15.96,15.65,15.86,91115
CG.TO,28 Feb 2019,6.9,6.94,6.82,6.86,862758
CGG.TO,28 Feb 2019,1.88,1.91,1.82,1.91,120452
CGI.TO,28 Feb 2019,23.8,24.35,23.75,24.15,3593
CGI.PR.D.TO,28 Feb 2019,24.73,24.79,24.73,24.79,300
CGL.TO,28 Feb 2019,11.22,11.22,11.15,11.21,77489
CGL.C.TO,28 Feb 2019,15.14,15.14,15.01,15.04,5151
CGO.TO,28 Feb 2019,72.15,73.49,71.69,72.99,29563
CGR.TO,28 Feb 2019,29.96,30.19,29.96,30,2500
CGT.TO,28 Feb 2019,0.24,0.25,0.24,0.24,93500
CGX.TO,28 Feb 2019,25.46,25.7,25.4,25.67,124277
CGY.TO,28 Feb 2019,29.7,29.71,29.7,29.7,1238
CHB.TO,28 Feb 2019,18.21,18.29,18.21,18.29,3720
CHE.DB.B.TO,28 Feb 2019,97.12,97.13,96.7,96.75,24000
CHE.DB.C.TO,28 Feb 2019,89.95,91,89.95,91,82000
CHE.DB.D.TO,28 Feb 2019,84.5,85.75,84.5,85.5,93000
CHE.UN.TO,28 Feb 2019,9.29,9.43,9.21,9.39,625647
CHH.TO,28 Feb 2019,0.32,0.33,0.32,0.33,23463
CHNA.B.TO,28 Feb 2019,25.32,25.32,25.32,25.32,980
CHP.UN.TO,28 Feb 2019,13.53,13.68,13.51,13.51,581410
CHR.TO,28 Feb 2019,7.65,7.73,7.5,7.56,333311
CHW.TO,28 Feb 2019,11.93,11.93,11.84,11.88,17654
CIA.TO,28 Feb 2019,1.64,1.75,1.64,1.72,1032356
CIC.TO,28 Feb 2019,11.61,11.67,11.57,11.62,37155
CIF.TO,28 Feb 2019,25.95,25.95,25.85,25.85,1210
CIGI.TO,28 Feb 2019,89.89,90.23,88.8,89.91,78476
CIQ.UN.TO,28 Feb 2019,7.62,7.67,7.62,7.65,1600
CIU.PR.A.TO,28 Feb 2019,20.72,21,20.72,21,5950
CIU.PR.C.TO,28 Feb 2019,13.75,13.75,13.75,13.75,188
CIX.TO,28 Feb 2019,18.64,18.72,18.35,18.6,1896591
CJ.TO,28 Feb 2019,2.51,2.51,2.37,2.39,2004750
CJ.DB.TO,28 Feb 2019,93.75,93.75,93.75,93.75,868000
CJR.B.TO,28 Feb 2019,6.06,6.12,5.99,6.03,269554
CJT.TO,28 Feb 2019,85,85.99,84.46,84.75,38735
CJT.DB.C.TO,28 Feb 2019,148,149.82,148,148,197000
CJT.DB.D.TO,28 Feb 2019,101.9,103.99,101.01,103.99,73000
CKE.TO,28 Feb 2019,0.14,0.16,0.13,0.15,1940500
CLF.TO,28 Feb 2019,17.84,17.85,17.83,17.84,18880
CLG.TO,28 Feb 2019,18.35,18.36,18.34,18.35,2368
CLIQ.TO,28 Feb 2019,4.79,4.87,4.74,4.8,51241
CLIQ.DB.TO,28 Feb 2019,98,98,97.99,98,24000
CLQ.TO,28 Feb 2019,0.33,0.33,0.33,0.33,10000
CLR.TO,28 Feb 2019,5.25,5.27,5.11,5.26,13900
CLS.TO,28 Feb 2019,12.37,12.37,12.06,12.11,388802
CM.TO,28 Feb 2019,113.1,113.77,111.2,111.63,3352164
CM.PR.O.TO,28 Feb 2019,19.26,19.5,19.23,19.5,12424
CM.PR.P.TO,28 Feb 2019,18.78,18.89,18.78,18.89,4400
CM.PR.Q.TO,28 Feb 2019,21.17,21.3,21.17,21.3,8500
CM.PR.R.TO,28 Feb 2019,23.26,23.26,23.15,23.2,7659
CM.PR.S.TO,28 Feb 2019,20.48,20.5,20.13,20.49,11885
CM.PR.T.TO,28 Feb 2019,25.2,25.3,25.19,25.29,5526
CMCE.TO,28 Feb 2019,21.24,21.24,21.24,21.24,1052
CMG.TO,28 Feb 2019,6.02,6.08,5.97,6,144584
CMH.TO,28 Feb 2019,6.66,6.75,6.65,6.71,29100
CMMC.TO,28 Feb 2019,1.09,1.1,1.02,1.03,260175
CMR.TO,28 Feb 2019,50,50.01,50,50.01,9437
CNE.TO,28 Feb 2019,4.34,4.5,4.34,4.46,401873
CNL.TO,28 Feb 2019,2.35,2.35,2.29,2.3,218627
CNQ.TO,28 Feb 2019,37.58,37.81,37.11,37.38,2851770
CNR.TO,28 Feb 2019,113.63,114.5,112.64,112.92,1273612
CNU.TO,28 Feb 2019,223.7,228.82,223.7,228.7,1213
COMM.TO,28 Feb 2019,21.27,21.27,21.27,21.27,600
COP.TO,28 Feb 2019,0.08,0.08,0.08,0.08,364000
CORV.TO,28 Feb 2019,4.53,4.53,4.24,4.3,3704
COW.TO,28 Feb 2019,38.82,38.82,38.82,38.82,436
CP.TO,28 Feb 2019,272.99,274.5,269.95,271.92,430772
CPD.TO,28 Feb 2019,12.61,12.65,12.59,12.65,166390
CPG.TO,28 Feb 2019,4.31,4.32,4.16,4.25,3010905
CPH.TO,28 Feb 2019,1.9,1.96,1.89,1.94,31135
CPI.TO,28 Feb 2019,0.2,0.21,0.2,0.21,7500
CPX.TO,28 Feb 2019,29.9,30.42,29.82,30.21,596216
CPX.PR.A.TO,28 Feb 2019,13.71,13.85,13.7,13.85,5299
CPX.PR.C.TO,28 Feb 2019,20.25,20.3,20.25,20.3,1100
CPX.PR.E.TO,28 Feb 2019,19.7,20.02,19.7,20.02,5350
CPX.PR.G.TO,28 Feb 2019,25.79,25.79,25.45,25.6,4878
CPX.PR.I.TO,28 Feb 2019,24.75,24.89,24.75,24.89,5809
CQE.TO,28 Feb 2019,0.53,0.55,0.53,0.53,7500
CR.TO,28 Feb 2019,0.93,0.93,0.87,0.89,598821
CRDL.TO,28 Feb 2019,7.18,7.8,7.18,7.74,67421
CRDL.WT.TO,28 Feb 2019,2.2,2.45,2.2,2.45,1200
CRH.TO,28 Feb 2019,4.1,4.15,4.09,4.12,108659
CRON.TO,28 Feb 2019,28.34,29.3,27.9,28.51,2016878
CRP.TO,28 Feb 2019,4.34,4.59,4.21,4.59,6375
CRR.UN.TO,28 Feb 2019,13.76,13.96,13.76,13.89,186100
CRT.UN.TO,28 Feb 2019,13.38,13.61,13.35,13.59,421403
CRWN.TO,28 Feb 2019,9.65,9.89,9.65,9.89,6700
CS.TO,28 Feb 2019,0.7,0.7,0.68,0.68,224750
CSD.TO,28 Feb 2019,17.56,17.56,17.56,17.56,728
CSE.PR.A.TO,28 Feb 2019,13.35,13.35,13.35,13.35,100
CSH.UN.TO,28 Feb 2019,15.12,15.15,14.95,15,540666
CSM.TO,28 Feb 2019,0.05,0.06,0.05,0.06,1711654
CSU.TO,28 Feb 2019,1115.46,1135.95,1105.68,1123.73,58095
CSU.DB.TO,28 Feb 2019,123,123,123,123,20999
CSW.A.TO,28 Feb 2019,18.4,18.55,18.22,18.55,17111
CSW.B.TO,28 Feb 2019,17.9,18,17.85,17.85,875
CTC.TO,28 Feb 2019,239.99,239.99,239.75,239.75,320
CTC.A.TO,28 Feb 2019,145.93,146.78,144.31,145.2,285583
CTF.UN.TO,28 Feb 2019,3.4,3.41,3.4,3.41,6700
CTX.TO,28 Feb 2019,0.56,0.56,0.56,0.56,18050
CU.TO,28 Feb 2019,34.45,35,34.04,34.99,850141
CU.PR.C.TO,28 Feb 2019,18.79,19.23,18.79,19.23,33322
CU.PR.D.TO,28 Feb 2019,22.13,22.13,22.11,22.11,74500
CU.PR.E.TO,28 Feb 2019,22.28,22.28,22.05,22.05,77550
CU.PR.F.TO,28 Feb 2019,20.17,20.38,20.17,20.38,1700
CU.PR.G.TO,28 Feb 2019,20.2,20.25,20.2,20.2,3693
CU.PR.H.TO,28 Feb 2019,23.88,24,23.75,24,1100
CU.PR.I.TO,28 Feb 2019,25.31,25.64,25.26,25.64,5700
CU.X.TO,28 Feb 2019,34,34.7,34,34.7,900
CUD.TO,28 Feb 2019,42.74,42.74,42.47,42.53,2100
CUF.UN.TO,28 Feb 2019,11.85,12.1,11.85,11.98,531410
CUP.U.TO,28 Feb 2019,14.59,14.59,14.59,14.59,122
CVD.TO,28 Feb 2019,18.16,18.27,18.08,18.12,5091
CVE.TO,28 Feb 2019,12.01,12.1,11.84,12.06,4453537
CWB.TO,28 Feb 2019,30.59,30.9,30.27,30.65,283712
CWB.PR.B.TO,28 Feb 2019,19.53,19.53,19.5,19.5,1400
CWB.PR.C.TO,28 Feb 2019,25.71,25.71,25.71,25.71,800
CWB.PR.D.TO,28 Feb 2019,25.27,25.3,25.25,25.27,28814
CWL.TO,28 Feb 2019,1.3,1.3,1.29,1.3,4031
CWW.TO,28 Feb 2019,34.76,34.79,34.67,34.69,10231
CWX.TO,28 Feb 2019,4.8,4.92,4.78,4.91,230895
CXF.TO,28 Feb 2019,9.42,9.46,9.42,9.46,1500
CXI.TO,28 Feb 2019,25.29,25.5,25.29,25.5,894
CXN.TO,28 Feb 2019,0.14,0.14,0.13,0.14,294500
CYB.TO,28 Feb 2019,55.6,55.7,55.21,55.5,8486
CYBR.TO,28 Feb 2019,27.4,27.4,27.25,27.25,3772
CYBR.B.TO,28 Feb 2019,29.66,29.7,29.66,29.7,701
CYH.TO,28 Feb 2019,19.51,19.64,19.51,19.64,5016
D.UN.TO,28 Feb 2019,24,24.87,24,24.85,288955
DBO.TO,28 Feb 2019,0.17,0.17,0.16,0.17,52000
DC.A.TO,28 Feb 2019,1.4,1.41,1.4,1.41,7300
DC.PR.B.TO,28 Feb 2019,11.71,11.71,11.7,11.7,500
DCF.TO,28 Feb 2019,4.26,4.26,4.26,4.26,500
DCG.TO,28 Feb 2019,19.18,19.18,19.17,19.17,700
DCM.TO,28 Feb 2019,1.3,1.31,1.3,1.31,9000
DCP.TO,28 Feb 2019,18.08,18.08,17.99,17.99,4138
DEE.TO,28 Feb 2019,0.4,0.4,0.38,0.38,136500
DF.TO,28 Feb 2019,5.07,5.07,4.8,4.8,147864
DF.PR.A.TO,28 Feb 2019,10,10,9.98,9.98,6608
DFC.TO,28 Feb 2019,19.67,19.67,19.67,19.67,225
DFD.TO,28 Feb 2019,20.44,20.44,20.44,20.44,550
DFE.TO,28 Feb 2019,19.03,19.03,18.97,18.97,2100
DFN.TO,28 Feb 2019,9.25,9.28,9,9,111428
DFN.PR.A.TO,28 Feb 2019,10.14,10.16,10.14,10.16,25910
DFU.TO,28 Feb 2019,22.61,22.61,22.61,22.61,100
DGC.TO,28 Feb 2019,13.53,13.58,13.14,13.32,746091
DGR.B.TO,28 Feb 2019,26.4,26.4,26.36,26.36,1115
DGRC.TO,28 Feb 2019,27.1,27.12,27.06,27.12,3245
DGS.TO,28 Feb 2019,5.43,5.46,5.28,5.28,130627
DGS.PR.A.TO,28 Feb 2019,10.06,10.07,10.05,10.07,14479
DHX.TO,28 Feb 2019,2.36,2.8,2.33,2.53,995525
DHX.DB.TO,28 Feb 2019,80.09,80.11,80.09,80.11,20999
DIAM.TO,28 Feb 2019,0.22,0.22,0.21,0.21,378498
DII.B.TO,28 Feb 2019,16.97,17.12,16.65,16.81,69403
DII.DB.U.TO,28 Feb 2019,99.75,99.9,99.75,99.9,15000
DIR.UN.TO,28 Feb 2019,11.05,11.27,11.05,11.25,946073
DIV.TO,28 Feb 2019,3.16,3.16,3.14,3.15,104845
DIV.DB.TO,28 Feb 2019,99.01,99.25,99,99.25,8000
DIVS.TO,28 Feb 2019,17.75,17.75,17.7,17.72,7819
DLR.TO,28 Feb 2019,13.28,13.28,13.23,13.24,207643
DLR.U.TO,28 Feb 2019,10.06,10.07,10.06,10.07,53583
DML.TO,28 Feb 2019,0.71,0.73,0.71,0.71,281958
DNG.TO,28 Feb 2019,1.8,1.8,1.76,1.78,28361
DNT.TO,28 Feb 2019,0.06,0.06,0.06,0.06,156530
DOL.TO,28 Feb 2019,36.33,36.55,35.31,35.62,1090266
DOO.TO,28 Feb 2019,38.95,39.91,38.95,39.4,146567
DPM.TO,28 Feb 2019,4.71,4.74,4.64,4.68,278480
DQD.TO,28 Feb 2019,26.24,26.24,26.24,26.24,274
DQI.TO,28 Feb 2019,22.41,22.41,22.4,22.4,425
DR.TO,28 Feb 2019,16.24,16.56,16.19,16.51,154680
DR.DB.A.TO,28 Feb 2019,101.51,101.51,101,101,60000
DRA.UN.TO,28 Feb 2019,6.76,6.92,6.76,6.84,13797
DRG.UN.TO,28 Feb 2019,13.4,13.59,13.37,13.55,504991
DRM.TO,28 Feb 2019,7.89,8.19,7.88,8.08,116458
DRM.PR.A.TO,28 Feb 2019,7.45,7.55,7.43,7.43,15300
DRMC.TO,28 Feb 2019,19.85,19.85,19.82,19.82,900
DRMU.TO,28 Feb 2019,19.4,19.4,19.36,19.36,800
DRT.TO,28 Feb 2019,7.51,7.58,7.39,7.56,88639
DRX.TO,28 Feb 2019,1.14,1.15,1.13,1.13,1800
DS.TO,28 Feb 2019,7.29,7.31,7.27,7.31,6822
DSG.TO,28 Feb 2019,45.55,45.85,45.35,45.45,147625
DXB.TO,28 Feb 2019,20.15,20.15,20.15,20.15,137
DXC.TO,28 Feb 2019,22.6,22.6,22.6,22.6,200
DXF.TO,28 Feb 2019,23.2,23.2,23.19,23.19,400
DXG.TO,28 Feb 2019,30.41,30.52,30.39,30.4,5061
DXI.TO,28 Feb 2019,0.06,0.06,0.05,0.06,96429
DXM.TO,28 Feb 2019,9.91,9.91,9.9,9.9,3250
DXP.TO,28 Feb 2019,19.25,19.32,19.25,19.32,17029
DXU.TO,28 Feb 2019,30.44,30.47,30.4,30.4,3377
E.TO,28 Feb 2019,0.27,0.27,0.26,0.26,15000
EBC.UN.TO,28 Feb 2019,6.78,6.78,6.78,6.78,1500
ECA.TO,28 Feb 2019,9.39,9.72,9.28,9.66,18793010
ECF.UN.TO,28 Feb 2019,9.12,9.14,9.1,9.1,14722
ECN.TO,28 Feb 2019,4.06,4.11,4.03,4.06,734578
ECN.PR.A.TO,28 Feb 2019,21.91,22.05,21.91,22.05,2300
ECN.PR.C.TO,28 Feb 2019,21.35,21.45,21.35,21.4,32900
ECO.TO,28 Feb 2019,2.09,2.1,2.06,2.08,261341
ECS.TO,28 Feb 2019,0.35,0.37,0.34,0.34,171233
EDGE.TO,28 Feb 2019,20.55,20.55,20.55,20.55,590
EDGF.UN.TO,28 Feb 2019,8.75,8.75,8.74,8.74,1500
EDR.TO,28 Feb 2019,3.46,3.47,3.34,3.41,300866
EDT.TO,28 Feb 2019,0.46,0.46,0.41,0.44,99399
EDV.TO,28 Feb 2019,20.73,20.73,19.9,20.01,314894
EF.UN.TO,28 Feb 2019,8,8.08,7.95,8.08,11799
EFH.TO,28 Feb 2019,13.7,13.7,13.6,13.67,4643
EFL.TO,28 Feb 2019,0.16,0.16,0.15,0.16,9000
EFN.TO,28 Feb 2019,7.56,7.72,7.45,7.53,845375
EFN.DB.TO,28 Feb 2019,100,100.2,100,100,16000
EFN.DB.A.TO,28 Feb 2019,97.9,97.9,97.85,97.9,419000
EFN.PR.A.TO,28 Feb 2019,21.59,21.59,21.53,21.55,1200
EFN.PR.C.TO,28 Feb 2019,21.29,21.29,21.09,21.17,1500
EFN.PR.E.TO,28 Feb 2019,20.35,20.51,20.34,20.51,5350
EFN.PR.G.TO,28 Feb 2019,21.68,21.77,21.65,21.77,2027
EFN.PR.I.TO,28 Feb 2019,19.15,19.15,18.83,19.11,7600
EFR.TO,28 Feb 2019,4.07,4.12,3.98,4.05,95136
EFX.TO,28 Feb 2019,19.82,20.02,19.64,20,383968
EGL.TO,28 Feb 2019,0.17,0.17,0.13,0.13,522281
EHE.TO,28 Feb 2019,24.57,24.57,24.57,24.57,100
EIF.TO,28 Feb 2019,33.54,33.54,33.05,33.4,114501
EIF.DB.G.TO,28 Feb 2019,107.01,107.01,105.99,106,81000
EIF.DB.H.TO,28 Feb 2019,101.26,101.4,101.25,101.4,10000
EIF.DB.I.TO,28 Feb 2019,100.26,101,100.25,101,71000
EIF.DB.J.TO,28 Feb 2019,98.51,98.75,98,98.75,98000
EIT.PR.A.TO,28 Feb 2019,25.01,25.09,25,25,3200
EIT.PR.B.TO,28 Feb 2019,24.84,24.84,24.65,24.84,5452
EIT.UN.TO,28 Feb 2019,11.28,11.28,11.25,11.25,60901
ELD.TO,28 Feb 2019,5.58,5.73,5.53,5.71,985216
ELF.PR.F.TO,28 Feb 2019,23.89,23.98,23.89,23.98,1500
ELF.PR.H.TO,28 Feb 2019,24.53,24.53,24.5,24.5,540
EMA.TO,28 Feb 2019,46.39,46.94,46.3,46.82,820503
EMA.PR.A.TO,28 Feb 2019,15.68,15.75,15.67,15.75,1700
EMA.PR.B.TO,28 Feb 2019,15.54,15.6,15.54,15.6,30500
EMA.PR.C.TO,28 Feb 2019,20.1,20.5,20.01,20.5,6440
EMA.PR.E.TO,28 Feb 2019,19.98,20,19.98,20,20999
EMA.PR.F.TO,28 Feb 2019,19.71,19.78,19.71,19.78,1600
EMA.PR.H.TO,28 Feb 2019,22.85,23,22.75,23,14416
EML.PR.A.TO,28 Feb 2019,25.81,25.98,25.8,25.98,5249
EMP.A.TO,28 Feb 2019,30.65,30.83,30.37,30.57,513133
EMV.B.TO,28 Feb 2019,26.5,26.5,26.5,26.5,270
ENB.TO,28 Feb 2019,48.9,49.22,48.55,48.68,5693762
ENB.PF.A.TO,28 Feb 2019,17.2,17.33,17.13,17.33,5055
ENB.PF.C.TO,28 Feb 2019,17.14,17.26,17.11,17.26,9747
ENB.PF.E.TO,28 Feb 2019,17.31,17.42,17.18,17.25,3152
ENB.PF.G.TO,28 Feb 2019,17.38,17.53,17.26,17.53,5350
ENB.PF.I.TO,28 Feb 2019,24.93,24.99,24.76,24.99,2969
ENB.PF.K.TO,28 Feb 2019,22.09,22.19,22.01,22.18,10400
ENB.PF.U.TO,28 Feb 2019,20.52,20.52,20.24,20.3,4004
ENB.PF.V.TO,28 Feb 2019,20,20,19.85,19.85,6169
ENB.PR.A.TO,28 Feb 2019,23.45,23.45,23.41,23.41,1050
ENB.PR.B.TO,28 Feb 2019,15.5,15.6,15.18,15.6,9800
ENB.PR.C.TO,28 Feb 2019,16.24,16.24,16.24,16.24,400
ENB.PR.D.TO,28 Feb 2019,16.51,16.73,16.43,16.57,9879
ENB.PR.F.TO,28 Feb 2019,17.4,17.44,17.33,17.44,7897
ENB.PR.H.TO,28 Feb 2019,16.25,16.25,16.06,16.19,15038
ENB.PR.J.TO,28 Feb 2019,17.04,17.5,17.04,17.49,3508
ENB.PR.N.TO,28 Feb 2019,18.65,18.73,18.51,18.6,35285
ENB.PR.P.TO,28 Feb 2019,16.85,16.99,16.73,16.88,4159
ENB.PR.T.TO,28 Feb 2019,16.59,16.74,16.5,16.74,4247
ENB.PR.U.TO,28 Feb 2019,20.4,20.4,20.25,20.4,5400
ENB.PR.V.TO,28 Feb 2019,21.91,21.91,21.67,21.75,5700
ENB.PR.Y.TO,28 Feb 2019,15.96,16.25,15.95,16.25,6900
ENGH.TO,28 Feb 2019,38.06,38.62,38,38.11,55914
ENI.UN.TO,28 Feb 2019,1.77,1.77,1.77,1.77,10100
ENS.TO,28 Feb 2019,14.7,14.7,14.4,14.4,4172
ENS.PR.A.TO,28 Feb 2019,10.25,10.25,10.25,10.25,400
ENT.TO,28 Feb 2019,0.15,0.15,0.15,0.15,52700
ENT.DB.TO,28 Feb 2019,89.88,89.88,89.88,89.88,5000
EQB.TO,28 Feb 2019,69.01,70.4,69.01,70.01,33801
EQB.PR.C.TO,28 Feb 2019,24.26,24.5,24.2,24.5,2200
EQL.TO,28 Feb 2019,21.03,21.03,21,21,3200
ER.TO,28 Feb 2019,0.14,0.14,0.13,0.14,631435
ERD.TO,28 Feb 2019,0.23,0.23,0.22,0.22,19500
ERF.TO,28 Feb 2019,11.91,11.93,11.46,11.6,776314
ERM.TO,28 Feb 2019,9.3,9.3,9.13,9.16,8015
ERO.TO,28 Feb 2019,16.44,16.68,16.37,16.48,252695
ESI.TO,28 Feb 2019,5.4,5.4,5.28,5.36,1253124
ESM.TO,28 Feb 2019,0.24,0.24,0.24,0.24,450572
ESN.TO,28 Feb 2019,0.29,0.32,0.29,0.31,184440
ESP.TO,28 Feb 2019,1.28,1.28,1.18,1.22,25400
ET.TO,28 Feb 2019,16.39,16.5,16.27,16.45,37904
ETG.TO,28 Feb 2019,0.54,0.56,0.53,0.53,224295
ETX.TO,28 Feb 2019,0.2,0.22,0.2,0.22,30500
EVT.TO,28 Feb 2019,108.71,108.71,107.5,107.5,2200
EXE.TO,28 Feb 2019,7.55,7.62,7.5,7.62,210412
EXE.DB.C.TO,28 Feb 2019,102,102,101.71,102,31000
EXF.TO,28 Feb 2019,4.68,4.88,4.67,4.84,2300
EXN.TO,28 Feb 2019,1,1.08,0.99,1.08,114045
FAH.U.TO,28 Feb 2019,8.75,8.84,8.65,8.84,5000
FAI.TO,28 Feb 2019,10.66,10.66,10.65,10.65,2420
FAO.TO,28 Feb 2019,9.41,9.41,9.41,9.41,109
FAP.TO,28 Feb 2019,3.82,3.82,3.8,3.82,25688
FBE.TO,28 Feb 2019,24.35,24.35,24.34,24.34,886
FBU.TO,28 Feb 2019,27.69,27.69,27.67,27.67,1017
FC.TO,28 Feb 2019,13.13,13.15,13.1,13.11,23975
FC.DB.E.TO,28 Feb 2019,100.5,100.5,100.5,100.5,1000
FC.DB.F.TO,28 Feb 2019,100.49,100.5,100.49,100.5,58000
FC.DB.G.TO,28 Feb 2019,99.26,99.26,99.26,99.26,20000
FC.DB.H.TO,28 Feb 2019,96.5,96.5,96.12,96.12,54000
FC.DB.I.TO,28 Feb 2019,96.49,96.5,96.49,96.5,13000
FC.DB.J.TO,28 Feb 2019,96.25,96.25,96.25,96.25,19000
FCCD.TO,28 Feb 2019,25.46,25.49,25.44,25.46,21161
FCID.TO,28 Feb 2019,25.23,25.24,25.15,25.15,5669
FCIL.TO,28 Feb 2019,25.57,25.57,25.57,25.57,200
FCQH.TO,28 Feb 2019,26.81,26.81,26.81,26.81,600
FCR.TO,28 Feb 2019,21.25,21.69,21.25,21.42,694965
FCRH.TO,28 Feb 2019,23.8,23.85,23.8,23.85,740
FCRR.TO,28 Feb 2019,24.4,24.4,24.34,24.35,2200
FCU.TO,28 Feb 2019,0.53,0.53,0.5,0.5,642695
FCUD.TO,28 Feb 2019,24.28,24.28,24.23,24.23,5486
FCUH.TO,28 Feb 2019,23.72,23.74,23.72,23.74,409
FCUL.TO,28 Feb 2019,26.66,26.67,26.66,26.67,300
FCUQ.TO,28 Feb 2019,26.66,26.66,26.66,26.66,160
FDV.TO,28 Feb 2019,9.7,9.71,9.7,9.71,200
FEC.TO,28 Feb 2019,12.63,12.63,12.38,12.54,20385
FF.TO,28 Feb 2019,0.37,0.38,0.36,0.38,244990
FFH.TO,28 Feb 2019,654.36,657.59,650.15,651.53,42635
FFH.PR.C.TO,28 Feb 2019,19.65,19.68,19.39,19.6,6525
FFH.PR.D.TO,28 Feb 2019,19.92,19.92,19.8,19.8,450
FFH.PR.G.TO,28 Feb 2019,16.66,16.9,16.65,16.66,3250
FFH.PR.H.TO,28 Feb 2019,16.65,16.8,16.65,16.8,900
FFH.PR.I.TO,28 Feb 2019,17.42,17.7,17.42,17.6,6562
FFH.PR.K.TO,28 Feb 2019,19.99,20.19,19.99,20.19,3700
FFH.PR.M.TO,28 Feb 2019,22.66,22.66,22.51,22.6,3863
FFI.UN.TO,28 Feb 2019,11.4,11.42,11.39,11.42,2786
FFN.TO,28 Feb 2019,7.26,7.31,7.1,7.1,71683
FFN.PR.A.TO,28 Feb 2019,10.01,10.02,10.01,10.02,1251
FGB.TO,28 Feb 2019,18.97,18.97,18.97,18.97,162
FGE.TO,28 Feb 2019,1.3,1.3,1.25,1.25,11200
FGO.TO,28 Feb 2019,10.13,10.13,10.11,10.13,55464
FGO.U.TO,28 Feb 2019,10.14,10.14,10.14,10.14,6572
FHG.TO,28 Feb 2019,28.44,28.44,28.44,28.44,100
FHH.TO,28 Feb 2019,27.61,27.61,27.61,27.61,100
FHI.TO,28 Feb 2019,10.58,10.58,10.58,10.58,100
FHQ.TO,28 Feb 2019,41.07,41.07,41,41,200
FHU.TO,28 Feb 2019,25.66,25.66,25.66,25.66,100
FIE.TO,28 Feb 2019,7.01,7.03,6.98,6.98,270269
FIG.TO,28 Feb 2019,10.76,10.76,10.75,10.75,12883
FIH.U.TO,28 Feb 2019,13.07,13.07,12.67,12.85,66241
FIRE.TO,28 Feb 2019,1.97,2.11,1.95,2.09,1437032
FIRE.DB.TO,28 Feb 2019,103.98,103.99,103.98,103.99,49000
FLAM.TO,28 Feb 2019,20.53,20.53,20.53,20.53,2960
FLBA.TO,28 Feb 2019,20.42,20.42,20.42,20.42,100
FLCD.TO,28 Feb 2019,20.9,20.9,20.9,20.9,860
FLCI.TO,28 Feb 2019,19.2,19.2,19.14,19.14,1781
FLDM.TO,28 Feb 2019,19.3,19.31,19.2,19.2,2000
FLEM.TO,28 Feb 2019,18.76,18.76,18.76,18.76,200
FLGD.TO,28 Feb 2019,19.98,20,19.89,19.9,26800
FLI.TO,28 Feb 2019,11.27,11.3,11.26,11.27,16719
FLOT.TO,28 Feb 2019,8.64,8.64,8.64,8.64,4800
FLRM.TO,28 Feb 2019,20.81,20.81,20.81,20.81,335
FLSL.TO,28 Feb 2019,19.46,19.46,19.46,19.46,228
FLUI.TO,28 Feb 2019,20.03,20.04,20.03,20.04,400
FLUR.TO,28 Feb 2019,20.96,20.96,20.91,20.91,2669
FLUS.TO,28 Feb 2019,23.87,23.92,23.87,23.87,1678
FM.TO,28 Feb 2019,15.32,15.53,15.07,15.09,2477295
FN.TO,28 Feb 2019,29.01,29.48,29.01,29.3,26607
FN.PR.A.TO,28 Feb 2019,13.3,13.31,13.3,13.3,1200
FNV.TO,28 Feb 2019,98.94,99.65,98.55,99.14,554972
FOOD.TO,28 Feb 2019,3.21,3.24,3.14,3.19,151000
FPR.TO,28 Feb 2019,20.47,20.47,20.47,20.47,218
FQC.TO,28 Feb 2019,24.57,24.59,24.57,24.59,484
FR.TO,28 Feb 2019,8.95,9,8.78,8.88,646762
FRII.TO,28 Feb 2019,2.64,2.64,2.44,2.5,55177
FRL.UN.TO,28 Feb 2019,8.44,8.45,8.44,8.44,8500
FRU.TO,28 Feb 2019,9.13,9.14,8.91,8.93,781867
FRX.TO,28 Feb 2019,8.78,8.78,8.78,8.78,100
FSB.TO,28 Feb 2019,9.9,9.9,9.88,9.9,451058
FSB.U.TO,28 Feb 2019,9.99,10,9.99,10,5317
FSF.TO,28 Feb 2019,19.11,19.11,19.11,19.11,719
FSL.TO,28 Feb 2019,18.76,18.76,18.76,18.76,130
FST.TO,28 Feb 2019,33.44,33.5,33.44,33.5,320
FSV.TO,28 Feb 2019,114.49,114.5,113.42,114.25,101667
FSY.TO,28 Feb 2019,0.21,0.22,0.2,0.2,36000
FSZ.TO,28 Feb 2019,12.26,12.3,12.12,12.15,54913
FSZ.DB.TO,28 Feb 2019,102.66,102.66,102.2,102.2,20999
FT.TO,28 Feb 2019,0.12,0.12,0.11,0.12,337450
FTG.TO,28 Feb 2019,3.09,3.09,2.94,3.01,13104
FTN.TO,28 Feb 2019,8.79,8.81,8.57,8.6,199572
FTN.PR.A.TO,28 Feb 2019,9.9,9.93,9.9,9.93,21750
FTS.TO,28 Feb 2019,47.02,47.7,47.02,47.45,1912776
FTS.PR.F.TO,28 Feb 2019,22.53,22.58,22.44,22.55,9550
FTS.PR.G.TO,28 Feb 2019,18.63,19.09,18.6,19.09,8008
FTS.PR.H.TO,28 Feb 2019,14.16,14.28,14.05,14.28,1289
FTS.PR.J.TO,28 Feb 2019,21.6,21.9,21.57,21.9,52600
FTS.PR.K.TO,28 Feb 2019,17.35,17.74,17.33,17.74,4400
FTS.PR.M.TO,28 Feb 2019,19.2,19.39,19.05,19.39,32847
FTT.TO,28 Feb 2019,24.3,24.64,24.08,24.53,590356
FTU.TO,28 Feb 2019,0.5,0.5,0.48,0.48,1500
FTU.PR.B.TO,28 Feb 2019,8.25,8.25,8.25,8.25,4800
FUT.TO,28 Feb 2019,23.28,23.28,23.28,23.28,228
FVI.TO,28 Feb 2019,5,5,4.89,4.94,232757
FVL.TO,28 Feb 2019,0.06,0.06,0.06,0.06,38250
FXM.TO,28 Feb 2019,14.3,14.3,14.19,14.19,662
G.TO,28 Feb 2019,13.89,13.97,13.76,13.9,3535064
GBT.TO,28 Feb 2019,15.35,15.35,15.35,15.35,800
GC.TO,28 Feb 2019,54.85,55.12,54.59,54.88,240827
GCG.A.TO,28 Feb 2019,23.6,23.6,23.25,23.51,2596
GCL.TO,28 Feb 2019,0.5,0.51,0.49,0.51,28500
GCL.DB.A.TO,28 Feb 2019,75.01,76,75.01,76,3000
GCM.TO,28 Feb 2019,4.35,4.42,4.35,4.4,114916
GCM.NT.U.TO,28 Feb 2019,101,101,101,101,50000
GCM.WT.A.TO,28 Feb 2019,0.02,0.02,0.02,0.02,30000
GCM.WT.B.TO,28 Feb 2019,2.4,2.41,2.4,2.41,15900
GDC.TO,28 Feb 2019,3.01,3.01,2.99,2.99,3000
GDG.UN.TO,28 Feb 2019,12.25,12.3,12.25,12.3,1900
GDI.TO,28 Feb 2019,20.46,20.93,20.46,20.7,4820
GDL.TO,28 Feb 2019,6.39,6.44,6.39,6.43,700
GDV.TO,28 Feb 2019,10.45,10.45,10.3,10.3,15400
GDV.PR.A.TO,28 Feb 2019,10.15,10.15,10.15,10.15,4400
GEC.UN.TO,28 Feb 2019,9.75,9.95,9.7,9.95,21600
GEI.TO,28 Feb 2019,21.24,21.35,21.02,21.29,1379053
GEI.DB.TO,28 Feb 2019,109.5,109.9,109.5,109.9,35000
GEN.TO,28 Feb 2019,0.11,0.12,0.1,0.12,2169523
GEO.TO,28 Feb 2019,1.52,1.52,1.52,1.52,100
GGA.TO,28 Feb 2019,0.05,0.06,0.05,0.06,120000
GGD.TO,28 Feb 2019,0.28,0.28,0.26,0.26,290595
GH.TO,28 Feb 2019,10,10.08,10,10.05,16047
GIB.A.TO,28 Feb 2019,88.68,88.94,88.15,88.23,754997
GIL.TO,28 Feb 2019,47.05,47.49,46.85,47.06,873837
GLG.TO,28 Feb 2019,0.7,0.7,0.68,0.68,6000
GMP.TO,28 Feb 2019,2.51,2.6,2.51,2.59,57140
GMP.PR.B.TO,28 Feb 2019,10.9,11.2,10.86,10.91,2500
GMP.PR.C.TO,28 Feb 2019,11.25,11.25,10.95,11.25,5400
GMX.TO,28 Feb 2019,0.31,0.31,0.29,0.29,3000
GOLD.TO,28 Feb 2019,0.98,1.01,0.96,0.99,137931
GOOS.TO,28 Feb 2019,75.1,76.9,74.8,74.96,478516
GPR.TO,28 Feb 2019,1.15,1.25,1.12,1.25,311376
GPS.TO,28 Feb 2019,0.92,0.93,0.91,0.91,6000
GQM.TO,28 Feb 2019,0.04,0.06,0.04,0.05,5167100
GRP.PR.A.TO,28 Feb 2019,25.42,25.56,25.42,25.56,3990
GRT.UN.TO,28 Feb 2019,60.95,62.22,60.79,61.65,333255
GS.TO,28 Feb 2019,11.35,11.35,11.16,11.22,179556
GSC.TO,28 Feb 2019,4.81,5.02,4.77,4.99,16947
GSV.TO,28 Feb 2019,1.53,1.55,1.49,1.54,101054
GSY.TO,28 Feb 2019,45.1,45.2,44.7,45.06,35355
GSY.DB.TO,28 Feb 2019,111,111.02,111,111,30000
GTE.TO,28 Feb 2019,3,3.08,2.96,2.97,1694092
GTMS.TO,28 Feb 2019,2.84,2.84,2.7,2.7,1100
GUD.TO,28 Feb 2019,7.7,7.72,7.57,7.65,397988
GUY.TO,28 Feb 2019,1.37,1.45,1.36,1.45,906016
GVC.TO,28 Feb 2019,0.53,0.56,0.53,0.56,2500
GWO.TO,28 Feb 2019,30.16,30.26,29.91,30.26,881445
GWO.PR.F.TO,28 Feb 2019,25.33,25.4,25.31,25.33,21538
GWO.PR.G.TO,28 Feb 2019,23.25,23.25,23.15,23.23,4352
GWO.PR.H.TO,28 Feb 2019,21.63,21.73,21.6,21.73,3909
GWO.PR.I.TO,28 Feb 2019,20.39,20.49,20.38,20.49,2200
GWO.PR.L.TO,28 Feb 2019,24.97,24.97,24.85,24.95,5680
GWO.PR.M.TO,28 Feb 2019,25.2,25.2,25.01,25.17,6400
GWO.PR.N.TO,28 Feb 2019,14.95,14.98,14.9,14.98,2655
GWO.PR.O.TO,28 Feb 2019,14.45,14.45,14.45,14.45,1800
GWO.PR.P.TO,28 Feb 2019,24.73,24.73,24.4,24.6,6355
GWO.PR.Q.TO,28 Feb 2019,23.14,23.14,22.7,22.78,9225
GWO.PR.R.TO,28 Feb 2019,21.92,21.94,21.88,21.93,2150
GWO.PR.S.TO,28 Feb 2019,24.23,24.25,24.03,24.13,5700
GWO.PR.T.TO,28 Feb 2019,23.05,23.16,22.99,23.05,3350
GXE.TO,28 Feb 2019,0.64,0.64,0.6,0.63,608056
GXO.TO,28 Feb 2019,0.82,0.84,0.78,0.83,76072
H.TO,28 Feb 2019,20.41,20.65,20.29,20.65,1311544
HAB.TO,28 Feb 2019,10.65,10.65,10.63,10.64,19450
HAC.TO,28 Feb 2019,21,21.01,20.94,20.97,8654
HAD.TO,28 Feb 2019,9.95,9.97,9.93,9.93,1450
HAF.TO,28 Feb 2019,7.82,7.89,7.82,7.87,800
HAJ.TO,28 Feb 2019,12.77,12.77,12.77,12.77,147
HAL.TO,28 Feb 2019,16.36,16.36,16.35,16.35,480
HARC.TO,28 Feb 2019,20.89,20.91,20.89,20.91,600
HAZ.TO,28 Feb 2019,20.91,20.91,20.84,20.84,2031
HBB.TO,28 Feb 2019,45.84,45.86,45.8,45.82,25589
HBC.TO,28 Feb 2019,8,8.01,7.73,7.77,254335
HBD.TO,28 Feb 2019,13.79,13.9,13.79,13.87,4100
HBF.TO,28 Feb 2019,9.01,9.03,8.99,9.01,28733
HBF.U.TO,28 Feb 2019,9.41,9.41,9.38,9.38,2500
HBG.TO,28 Feb 2019,20.35,20.44,20.35,20.41,3702
HBLK.TO,28 Feb 2019,6.69,6.71,6.69,6.71,413
HBM.TO,28 Feb 2019,9.05,9.14,8.8,8.85,1253335
HBP.TO,28 Feb 2019,0.52,0.52,0.52,0.52,500
HBU.TO,28 Feb 2019,7.97,7.97,7.95,7.96,4454
HCB.TO,28 Feb 2019,15.37,15.37,15.29,15.29,68951
HCBB.TO,28 Feb 2019,20.28,20.28,20.21,20.21,7000
HCG.TO,28 Feb 2019,17.07,17.48,16.76,17.25,636712
HCN.TO,28 Feb 2019,26.62,26.62,26.53,26.54,1801
HCON.TO,28 Feb 2019,10.3,10.3,10.3,10.3,100
HDI.TO,28 Feb 2019,13.04,13.1,12.52,12.66,36401
HEA.U.TO,28 Feb 2019,11.52,11.52,11.52,11.52,100
HED.TO,28 Feb 2019,10.28,10.48,10.28,10.46,3500
HEE.TO,28 Feb 2019,8.87,8.87,8.69,8.69,2421
HEF.TO,28 Feb 2019,8.23,8.23,8.23,8.23,500
HEJ.TO,28 Feb 2019,5.84,5.84,5.69,5.7,2831
HEMB.TO,28 Feb 2019,10.06,10.06,10.04,10.04,1035
HEP.TO,28 Feb 2019,24.5,24.5,24.32,24.32,3679
HERS.TO,28 Feb 2019,21.67,21.67,21.67,21.67,100
HEU.TO,28 Feb 2019,6.24,6.24,6.1,6.15,86329
HEUR.TO,28 Feb 2019,18.69,18.69,18.69,18.69,2000
HEX.TO,28 Feb 2019,6.51,6.51,6.51,6.51,100
HEXO.TO,28 Feb 2019,7.4,7.52,7.38,7.52,1327902
HEXO.WT.TO,28 Feb 2019,2.41,2.43,2.33,2.41,30917
HFA.TO,28 Feb 2019,16.84,16.89,16.84,16.89,775
HFD.TO,28 Feb 2019,4.78,4.89,4.78,4.88,9538
HFMU.TO,28 Feb 2019,21.54,21.54,21.51,21.51,900
HFP.TO,28 Feb 2019,8.44,8.46,8.4,8.46,6375
HFR.TO,28 Feb 2019,9.99,10,9.99,10,18393
HFU.TO,28 Feb 2019,38.88,39.05,38.59,38.8,20020
HFY.TO,28 Feb 2019,15.49,15.5,15.41,15.45,796
HGD.TO,28 Feb 2019,8.19,8.31,8.18,8.21,316070
HGGG.TO,28 Feb 2019,20.5,20.55,20.5,20.52,2480
HGM.TO,28 Feb 2019,10.81,10.81,10.8,10.8,665
HGR.TO,28 Feb 2019,9.65,9.65,9.65,9.65,400
HGU.TO,28 Feb 2019,10.7,10.75,10.59,10.7,415575
HGY.TO,28 Feb 2019,4.72,4.73,4.72,4.73,662
HHF.TO,28 Feb 2019,13.5,13.66,13.5,13.66,5299
HHL.TO,28 Feb 2019,8.03,8.05,8,8.03,148566
HHL.U.TO,28 Feb 2019,8.08,8.08,8.05,8.05,6000
HIG.TO,28 Feb 2019,9.1,9.1,9.1,9.1,430
HII.TO,28 Feb 2019,11.4,11.4,11.4,11.4,176
HIU.TO,28 Feb 2019,26.46,26.46,26.46,26.46,1280
HIX.TO,28 Feb 2019,5.99,6,5.99,6,16200
HLC.TO,28 Feb 2019,7.19,7.19,7.19,7.19,140
HLC.DB.TO,28 Feb 2019,100,100,99.9,99.9,45000
HLF.TO,28 Feb 2019,7.15,7.15,6.88,6.98,47329
HLPR.TO,28 Feb 2019,20.12,20.13,20.12,20.13,800
HLS.TO,28 Feb 2019,15.27,15.59,15,15.58,95496
HMM.A.TO,28 Feb 2019,2.06,2.1,2.06,2.06,6786
HMMJ.TO,28 Feb 2019,22,22.29,21.91,22.13,664308
HMMJ.U.TO,28 Feb 2019,16.75,16.87,16.75,16.87,2102
HMP.TO,28 Feb 2019,9.82,9.84,9.82,9.84,2100
HND.TO,28 Feb 2019,5.94,6.12,5.88,6.04,1028466
HNL.TO,28 Feb 2019,1.98,1.98,1.94,1.96,83808
HNU.TO,28 Feb 2019,3.24,3.28,3.15,3.2,2248158
HOD.TO,28 Feb 2019,5.61,5.67,5.54,5.58,2083591
HOG.TO,28 Feb 2019,9.05,9.07,9.05,9.05,2170
HOM.U.TO,28 Feb 2019,9.17,9.2,9.16,9.18,6500
HOT.U.TO,28 Feb 2019,5.65,5.74,5.61,5.61,1610
HOT.UN.TO,28 Feb 2019,7.48,7.54,7.44,7.5,132158
HOU.TO,28 Feb 2019,6.7,6.77,6.6,6.72,2005650
HPF.TO,28 Feb 2019,4.5,4.53,4.5,4.52,37225
HPR.TO,28 Feb 2019,8.37,8.43,8.36,8.4,258607
HPS.A.TO,28 Feb 2019,6.28,6.31,6.28,6.31,450
HQD.TO,28 Feb 2019,6.43,6.45,6.37,6.43,234589
HQU.TO,28 Feb 2019,61.81,62,60.81,61.51,32885
HR.UN.TO,28 Feb 2019,22.79,23.04,22.71,22.71,935879
HRA.TO,28 Feb 2019,10.02,10.02,10.01,10.02,3170
HRES.TO,28 Feb 2019,15.15,15.15,15.15,15.15,300
HRR.UN.TO,28 Feb 2019,11.24,11.24,11.24,11.24,100
HRT.TO,28 Feb 2019,0.35,0.36,0.35,0.36,940399
HRX.TO,28 Feb 2019,15.8,16.45,15.8,16.08,22186
HSD.TO,28 Feb 2019,3.76,3.78,3.75,3.78,85341
HSE.TO,28 Feb 2019,14.84,14.9,14.5,14.63,2305748
HSE.PR.A.TO,28 Feb 2019,13.38,13.55,13.35,13.4,4675
HSE.PR.B.TO,28 Feb 2019,14.05,14.05,14.05,14.05,500
HSE.PR.C.TO,28 Feb 2019,19.3,19.3,19.11,19.3,3243
HSE.PR.E.TO,28 Feb 2019,20.01,20.02,19.7,19.87,4100
HSE.PR.G.TO,28 Feb 2019,19.85,19.88,19.68,19.68,3900
HSH.TO,28 Feb 2019,66.87,66.87,66.77,66.77,1067
HSM.TO,28 Feb 2019,9.4,9.48,9.08,9.35,11450
HSU.TO,28 Feb 2019,52.98,53.15,52.78,52.82,81214
HTA.TO,28 Feb 2019,10.03,10.1,10.03,10.09,8640
HTB.TO,28 Feb 2019,54.06,54.06,54.01,54.01,3400
HTB.U.TO,28 Feb 2019,41.14,41.14,41.14,41.14,100
HTH.TO,28 Feb 2019,48.71,48.71,48.71,48.71,3000
HUBL.TO,28 Feb 2019,16.18,16.18,16.18,16.18,500
HUC.TO,28 Feb 2019,13.34,13.4,13.34,13.38,1063
HUG.TO,28 Feb 2019,11.68,11.68,11.65,11.66,1600
HUTL.TO,28 Feb 2019,20.82,20.97,20.69,20.71,20700
HUV.TO,28 Feb 2019,5.55,5.55,5.45,5.55,36317
HWF.UN.TO,28 Feb 2019,10.68,10.69,10.68,10.69,400
HWO.TO,28 Feb 2019,3.97,3.97,3.9,3.94,22846
HXD.TO,28 Feb 2019,5.37,5.4,5.34,5.39,226900
HXDM.TO,28 Feb 2019,32.14,32.19,32.14,32.14,17027
HXDM.U.TO,28 Feb 2019,24.47,24.47,24.47,24.47,600
HXE.TO,28 Feb 2019,16.94,17.01,16.94,17.01,1071
HXF.TO,28 Feb 2019,42.4,42.4,42.38,42.38,500
HXH.TO,28 Feb 2019,30.82,30.82,30.7,30.7,3037
HXQ.U.TO,28 Feb 2019,39.69,39.69,39.69,39.69,1000
HXS.TO,28 Feb 2019,70.26,70.26,69.89,69.95,5436
HXS.U.TO,28 Feb 2019,53.15,53.15,53.15,53.15,1068
HXT.TO,28 Feb 2019,34.61,34.61,34.4,34.44,306528
HXT.U.TO,28 Feb 2019,26.19,26.19,26.16,26.16,1800
HXU.TO,28 Feb 2019,37,37.06,36.62,36.68,256594
HXX.TO,28 Feb 2019,29.5,29.62,29.5,29.55,4878
HYD.TO,28 Feb 2019,0.04,0.04,0.04,0.04,96000
HYG.TO,28 Feb 2019,11.49,11.82,11.2,11.24,8354
HYI.TO,28 Feb 2019,9.5,9.52,9.48,9.49,15138
HZD.TO,28 Feb 2019,6.94,6.97,6.94,6.97,700
HZM.TO,28 Feb 2019,0.04,0.04,0.04,0.04,20999
HZU.TO,28 Feb 2019,11.24,11.25,11.08,11.1,24324
IAF.PR.B.TO,28 Feb 2019,21,21.1,20.93,21.1,1760
IAF.PR.G.TO,28 Feb 2019,19.88,20,19.62,20,8600
IAF.PR.I.TO,28 Feb 2019,21.11,21.16,21,21.15,3195
IAG.TO,28 Feb 2019,50.8,51.01,50.28,50.49,312812
IAM.TO,28 Feb 2019,2.18,2.19,2.18,2.18,17400
IBG.TO,28 Feb 2019,4.88,4.88,4.6,4.64,9610
ICPB.TO,28 Feb 2019,10.22,10.22,10.2,10.2,1130
IDG.TO,28 Feb 2019,10,10.15,10,10.15,1338
IDR.TO,28 Feb 2019,13.8,13.86,13.8,13.86,329
IFA.TO,28 Feb 2019,1.36,1.36,1.3,1.36,2700
IFB.UN.TO,28 Feb 2019,7.85,7.85,7.85,7.85,3200
IFC.TO,28 Feb 2019,109.67,110.25,108.85,110,362631
IFC.PR.A.TO,28 Feb 2019,16.33,16.5,16.33,16.5,6284
IFC.PR.C.TO,28 Feb 2019,19.58,19.85,19.57,19.85,1055
IFC.PR.D.TO,28 Feb 2019,20.51,20.51,20.38,20.38,528
IFC.PR.E.TO,28 Feb 2019,23.6,23.64,23.49,23.64,1800
IFC.PR.F.TO,28 Feb 2019,23.66,24.13,23.51,24.13,2700
IFC.PR.G.TO,28 Feb 2019,20.98,21.35,20.98,21.35,7500
IFP.TO,28 Feb 2019,14.87,14.94,14.42,14.81,410037
IGM.TO,28 Feb 2019,34.16,34.51,34.04,34.38,297567
III.TO,28 Feb 2019,1.82,1.95,1.75,1.95,49970
IIP.UN.TO,28 Feb 2019,13.89,14.28,13.88,14.11,401556
IMG.TO,28 Feb 2019,4.44,4.45,4.35,4.41,1416264
IMO.TO,28 Feb 2019,36.03,36.08,35.3,35.63,1103886
IMV.TO,28 Feb 2019,6.4,6.45,6.31,6.36,27341
IN.TO,28 Feb 2019,0.57,0.59,0.56,0.59,330284
INC.UN.TO,28 Feb 2019,11.94,11.94,11.8,11.8,258
INE.TO,28 Feb 2019,14.72,14.75,14.46,14.71,1140587
INE.DB.B.TO,28 Feb 2019,98.76,99.68,98.75,99,139000
INE.PR.A.TO,28 Feb 2019,15.05,15.06,15,15.06,1800
INE.PR.C.TO,28 Feb 2019,21.9,21.9,21.9,21.9,100
INO.UN.TO,28 Feb 2019,10.01,10.08,10,10.07,111971
INOC.TO,28 Feb 2019,10.02,10.02,10,10,7720
INQ.TO,28 Feb 2019,1.4,1.4,1.4,1.4,4500
INV.TO,28 Feb 2019,0.65,0.69,0.65,0.66,21500
IPCI.TO,28 Feb 2019,0.42,0.43,0.41,0.41,14300
IPCO.TO,28 Feb 2019,6.24,6.27,6.16,6.18,8543
IPL.TO,28 Feb 2019,21.13,21.24,21.04,21.16,3059324
IPLP.TO,28 Feb 2019,10.92,11.07,10.65,10.65,49970
IPO.TO,28 Feb 2019,1.12,1.12,1.07,1.07,20899
IRON.TO,28 Feb 2019,0.36,0.38,0.36,0.37,57150
ISV.TO,28 Feb 2019,17.74,17.74,17.35,17.35,5806
ITC.TO,28 Feb 2019,1.62,1.62,1.55,1.58,10200
ITH.TO,28 Feb 2019,0.76,0.76,0.74,0.74,13000
ITP.TO,28 Feb 2019,18.54,18.63,18,18,133907
ITX.TO,28 Feb 2019,11.86,11.91,11.86,11.89,2398
IVN.TO,28 Feb 2019,3.51,3.52,3.42,3.44,840758
IVQ.DB.V.TO,28 Feb 2019,86.25,86.25,86.24,86.25,38000
IVQ.U.TO,28 Feb 2019,7.86,7.86,7.76,7.82,14170
JAG.TO,28 Feb 2019,0.2,0.2,0.2,0.2,38000
JAPN.B.TO,28 Feb 2019,23.29,23.29,23.25,23.25,4359
JE.TO,28 Feb 2019,4.73,4.79,4.72,4.76,560093
JE.DB.C.TO,28 Feb 2019,98.5,98.75,98.5,98.7,32000
JE.DB.D.TO,28 Feb 2019,92,92,92,92,10000
JFS.UN.TO,28 Feb 2019,14.15,14.16,14.13,14.15,21342
JOY.TO,28 Feb 2019,2.07,2.07,2,2,8900
JWEL.TO,28 Feb 2019,19.15,20.49,19.15,19.54,302984
K.TO,28 Feb 2019,4.46,4.48,4.37,4.39,2975732
KAT.TO,28 Feb 2019,0.59,0.6,0.58,0.59,108571
KBL.TO,28 Feb 2019,37.59,37.82,37.56,37.82,680
KEG.UN.TO,28 Feb 2019,17,17.14,16.89,17.09,9265
KEL.TO,28 Feb 2019,5.45,5.45,5.22,5.25,1323641
KER.TO,28 Feb 2019,0.16,0.16,0.16,0.16,1300
KEW.TO,28 Feb 2019,5.69,6.01,5.63,5.95,11650
KEY.TO,28 Feb 2019,32.09,32.38,31.87,32.31,1112100
KILO.TO,28 Feb 2019,21.25,21.25,21.25,21.25,300
KL.TO,28 Feb 2019,47.4,48.3,47.17,48.12,1110792
KLS.TO,28 Feb 2019,0.82,0.85,0.81,0.85,16454
KML.TO,28 Feb 2019,15.36,15.39,15.18,15.33,255992
KML.PR.A.TO,28 Feb 2019,22.35,22.4,22.2,22.39,8250
KML.PR.C.TO,28 Feb 2019,22.16,22.25,22.1,22.25,2220
KMP.UN.TO,28 Feb 2019,17.56,18.02,17.56,17.9,514852
KOR.TO,28 Feb 2019,2.07,2.08,2.04,2.07,27200
KPT.TO,28 Feb 2019,9.07,9.14,9.07,9.12,2000
KRN.TO,28 Feb 2019,0.23,0.23,0.23,0.23,2500
KWH.UN.TO,28 Feb 2019,8.92,8.95,8.92,8.95,296639
KXS.TO,28 Feb 2019,81.46,83.41,81.21,82.73,121060
L.TO,28 Feb 2019,65.54,66.05,65.23,65.54,713489
L.PR.B.TO,28 Feb 2019,24.34,24.34,24.2,24.2,2000
LAC.TO,28 Feb 2019,4.75,4.9,4.72,4.84,64801
LAM.TO,28 Feb 2019,0.38,0.38,0.37,0.37,107000
LAS.A.TO,28 Feb 2019,173.37,173.37,172,172.5,2831
LB.TO,28 Feb 2019,41.38,41.38,40,40.52,927533
LB.PR.H.TO,28 Feb 2019,18.21,18.21,18,18.16,6000
LB.PR.J.TO,28 Feb 2019,25.55,25.61,25.5,25.54,8550
LBS.TO,28 Feb 2019,8.69,8.69,8.31,8.34,132946
LBS.PR.A.TO,28 Feb 2019,10.12,10.15,10.1,10.14,21335
LCS.TO,28 Feb 2019,4.03,4.21,4.03,4.07,36200
LCS.PR.A.TO,28 Feb 2019,10.08,10.08,10.08,10.08,1063
LDGR.TO,28 Feb 2019,19.52,19.52,19.52,19.52,100
LFE.TO,28 Feb 2019,3.21,3.22,3.08,3.1,3915
LFE.PR.B.TO,28 Feb 2019,9.97,9.97,9.96,9.96,9330
LGD.TO,28 Feb 2019,0.39,0.39,0.38,0.38,36963
LGO.TO,28 Feb 2019,2.2,2.28,2.09,2.27,779336
LIF.TO,28 Feb 2019,31.97,32.93,31.92,32.82,172448
LIFE.TO,28 Feb 2019,19.7,19.7,19.61,19.62,1596
LIFE.B.TO,28 Feb 2019,21.34,21.34,21.28,21.29,1386
LMC.TO,28 Feb 2019,2.13,2.13,2.02,2.03,133165
LNF.TO,28 Feb 2019,14.99,15.05,14.85,14.96,16519
LNR.TO,28 Feb 2019,51.69,51.99,51.23,51.75,144725
LS.TO,28 Feb 2019,10.56,10.58,10.51,10.51,10068
LUC.TO,28 Feb 2019,1.67,1.69,1.65,1.65,586962
LUG.TO,28 Feb 2019,5.56,5.64,5.44,5.5,153900
LUN.TO,28 Feb 2019,6.79,6.81,6.66,6.68,1659290
LVN.TO,28 Feb 2019,0.15,0.16,0.12,0.12,1094853
LVU.UN.TO,28 Feb 2019,4.76,4.76,4.76,4.76,3600
LXR.TO,28 Feb 2019,0.4,0.41,0.4,0.4,1720
LYD.TO,28 Feb 2019,0.15,0.15,0.14,0.15,95550
MAG.TO,28 Feb 2019,12.84,12.98,12.58,12.9,142772
MAL.TO,28 Feb 2019,16.98,17.54,16.98,17.5,28152
MAV.TO,28 Feb 2019,9.35,9.4,9,9,13665
MAW.TO,28 Feb 2019,0.25,0.25,0.23,0.23,24000
MAX.TO,28 Feb 2019,0.87,0.87,0.84,0.86,81615
MAXR.TO,28 Feb 2019,9.79,9.79,8.95,9.6,722142
MBA.TO,28 Feb 2019,0.69,0.69,0.68,0.68,12500
MBK.UN.TO,28 Feb 2019,11.9,11.9,11.9,11.9,1805
MBX.TO,28 Feb 2019,0.25,0.26,0.25,0.26,48000
MCB.TO,28 Feb 2019,1.15,1.15,1.1,1.1,1200
MCLC.TO,28 Feb 2019,25.73,25.73,25.72,25.72,5100
MDF.TO,28 Feb 2019,10.66,10.66,10.54,10.63,2400
MDI.TO,28 Feb 2019,4.82,4.82,4.63,4.69,73260
MDNA.TO,28 Feb 2019,0.87,0.87,0.84,0.84,13500
MDS.UN.TO,28 Feb 2019,11.7,11.7,11.7,11.7,300
ME.TO,28 Feb 2019,0.12,0.12,0.12,0.12,152500
MEE.TO,28 Feb 2019,23.38,23.43,23.25,23.25,11516
MEG.TO,28 Feb 2019,5.4,5.48,5.35,5.4,1312433
MEME.B.TO,28 Feb 2019,25.98,25.98,25.98,25.98,100
MEU.TO,28 Feb 2019,22.2,22.22,22.07,22.07,6011
MFC.TO,28 Feb 2019,22.37,22.51,22.13,22.24,4870203
MFC.PR.B.TO,28 Feb 2019,20.91,21.29,20.9,21.29,15744
MFC.PR.C.TO,28 Feb 2019,20.55,20.7,20.5,20.7,7050
MFC.PR.F.TO,28 Feb 2019,14.72,14.82,14.72,14.8,2900
MFC.PR.G.TO,28 Feb 2019,20.9,21.03,20.9,20.96,3835
MFC.PR.H.TO,28 Feb 2019,22.14,22.45,22.08,22.45,4000
MFC.PR.I.TO,28 Feb 2019,21.01,21.17,20.96,21.17,3664
MFC.PR.J.TO,28 Feb 2019,21.1,21.3,21.02,21.3,3600
MFC.PR.K.TO,28 Feb 2019,19.68,19.77,19.64,19.77,2300
MFC.PR.L.TO,28 Feb 2019,18.27,18.52,18.19,18.52,26935
MFC.PR.M.TO,28 Feb 2019,19.67,19.67,19.48,19.65,2700
MFC.PR.N.TO,28 Feb 2019,19.11,19.4,19.11,19.24,10100
MFC.PR.O.TO,28 Feb 2019,26.04,26.08,25.92,26.02,16025
MFC.PR.P.TO,28 Feb 2019,14.75,14.75,14.73,14.75,1100
MFC.PR.Q.TO,28 Feb 2019,20.83,21.19,20.83,21.19,23658
MFC.PR.R.TO,28 Feb 2019,24.78,25.04,24.54,25.04,20771
MFI.TO,28 Feb 2019,27.5,28.24,27.33,27.75,525550
MFR.UN.TO,28 Feb 2019,7.71,7.71,7.7,7.7,4700
MFT.TO,28 Feb 2019,21.06,21.1,21.04,21.07,69390
MG.TO,28 Feb 2019,69.66,69.88,69,69.44,1203400
MGA.TO,28 Feb 2019,0.11,0.11,0.11,0.11,90249
MGB.TO,28 Feb 2019,19.14,19.18,19.14,19.15,1550
MI.UN.TO,28 Feb 2019,19.64,19.97,19.35,19.46,88016
MIC.TO,28 Feb 2019,44.12,44.39,44.08,44.33,94680
MID.UN.TO,28 Feb 2019,6.33,6.33,6.29,6.32,11778
MIN.TO,28 Feb 2019,0.91,0.95,0.91,0.95,114800
MIND.TO,28 Feb 2019,25.08,25.08,25.08,25.08,107
MINT.TO,28 Feb 2019,26.15,26.21,26.13,26.21,353
MINT.B.TO,28 Feb 2019,26.25,26.25,26.17,26.17,1300
MIVG.TO,28 Feb 2019,21.57,21.57,21.57,21.57,1034
MKB.TO,28 Feb 2019,20.09,20.1,20.09,20.09,7700
MKC.TO,28 Feb 2019,22.78,22.81,22.78,22.81,400
MKP.TO,28 Feb 2019,14.5,14.54,14.42,14.52,29201
MKZ.UN.TO,28 Feb 2019,0.95,0.95,0.94,0.95,16500
MMP.UN.TO,28 Feb 2019,1.49,1.55,1.49,1.54,83408
MND.TO,28 Feb 2019,0.12,0.15,0.12,0.15,1717640
MNS.TO,28 Feb 2019,12.3,12.3,12.3,12.3,100
MNT.TO,28 Feb 2019,18.09,18.34,18.09,18.21,3345
MNT.U.TO,28 Feb 2019,13.88,13.88,13.88,13.88,100
MOGO.TO,28 Feb 2019,3.03,3.07,2.98,3.03,39302
MOGO.DB.TO,28 Feb 2019,85.01,85.01,85.01,85.01,5000
MOZ.TO,28 Feb 2019,1.03,1.04,1.01,1.04,189486
MPC.C.TO,28 Feb 2019,3.21,3.22,3.21,3.22,3500
MPCF.TO,28 Feb 2019,19.19,19.19,19.19,19.19,6300
MPVD.TO,28 Feb 2019,1.39,1.39,1.32,1.38,191713
MQR.TO,28 Feb 2019,0.23,0.26,0.22,0.23,204503
MR.DB.A.TO,28 Feb 2019,101.81,101.81,101.8,101.8,11000
MR.UN.TO,28 Feb 2019,7.6,7.62,7.6,7.62,11972
MRC.TO,28 Feb 2019,185,185,185,185,188
MRD.TO,28 Feb 2019,12.64,12.75,12.6,12.69,4009
MRE.TO,28 Feb 2019,12,12.3,12,12.27,202618
MRG.DB.A.TO,28 Feb 2019,101.09,101.1,101,101,45000
MRG.UN.TO,28 Feb 2019,17.6,17.95,17.6,17.78,67246
MRT.DB.TO,28 Feb 2019,99.75,99.75,99.69,99.75,26000
MRT.UN.TO,28 Feb 2019,12.38,12.51,12.38,12.5,36535
MRU.TO,28 Feb 2019,49.5,49.76,49.3,49.46,737331
MSI.TO,28 Feb 2019,27.38,27.62,27.26,27.29,118689
MSI.DB.A.TO,28 Feb 2019,116.49,116.49,115.1,116.48,20000
MSV.TO,28 Feb 2019,0.61,0.64,0.55,0.55,197964
MTL.TO,28 Feb 2019,12.49,12.61,12.38,12.58,928775
MTY.TO,28 Feb 2019,59.15,59.56,58.58,58.8,93378
MUB.TO,28 Feb 2019,20.54,20.58,20.5,20.57,16686
MULC.TO,28 Feb 2019,28.78,28.78,28.75,28.76,4792
MUMC.TO,28 Feb 2019,28.22,28.22,28.22,28.22,100
MUS.TO,28 Feb 2019,25.94,25.94,25.88,25.88,3300
MUX.TO,28 Feb 2019,2.43,2.46,2.37,2.39,183409
MWD.TO,28 Feb 2019,23.35,23.56,23.35,23.56,3336
MX.TO,28 Feb 2019,75.05,75.63,73.96,74.07,422758
MXF.TO,28 Feb 2019,12.04,12.04,11.93,11.94,3184
MXG.TO,28 Feb 2019,2.14,2.14,2.09,2.1,800
MXU.TO,28 Feb 2019,21.51,21.58,21.45,21.53,1700
MYA.TO,28 Feb 2019,2.2,2.63,2.2,2.6,180415
NA.TO,28 Feb 2019,61.74,62.48,61.73,62.09,2019483
NA.PR.A.TO,28 Feb 2019,25.7,25.75,25.67,25.73,5818
NA.PR.C.TO,28 Feb 2019,22.92,23,22.91,23,8908
NA.PR.E.TO,28 Feb 2019,20.5,20.61,20.45,20.61,7993
NA.PR.G.TO,28 Feb 2019,21.6,21.7,21.5,21.7,8244
NA.PR.S.TO,28 Feb 2019,18.95,19,18.87,19,6900
NA.PR.W.TO,28 Feb 2019,18.37,18.53,18.14,18.53,5537
NA.PR.X.TO,28 Feb 2019,25.93,25.94,25.84,25.94,2400
NALT.TO,28 Feb 2019,20.18,20.18,20.18,20.18,121
NB.TO,28 Feb 2019,0.6,0.6,0.58,0.58,20300
NCF.TO,28 Feb 2019,0.08,0.08,0.08,0.08,6000
NCP.TO,28 Feb 2019,0.08,0.09,0.08,0.09,129405
NCU.TO,28 Feb 2019,0.49,0.49,0.46,0.48,58548
NDM.TO,28 Feb 2019,1.3,1.32,1.2,1.22,987212
NDM.WT.A.TO,28 Feb 2019,0.7,0.7,0.7,0.7,1000
NEO.TO,28 Feb 2019,16.68,16.71,16.3,16.3,94894
NEPT.TO,28 Feb 2019,4.8,4.8,4.64,4.78,110994
NEW.A.TO,28 Feb 2019,43.99,44,43.99,44,600
NEXA.TO,28 Feb 2019,14.08,14.08,13.98,14.08,350
NEXT.TO,28 Feb 2019,0.12,0.13,0.12,0.12,72940
NFAM.TO,28 Feb 2019,20.79,20.79,20.79,20.79,1100
NFI.TO,28 Feb 2019,35.29,35.29,33.63,34.57,286009
NG.TO,28 Feb 2019,5.16,5.23,5.07,5.22,246137
NGD.TO,28 Feb 2019,1.16,1.16,1.13,1.16,1802097
NGQ.TO,28 Feb 2019,1.02,1.05,1,1.02,215004
NHK.TO,28 Feb 2019,0.4,0.4,0.37,0.38,188334
NIF.UN.TO,28 Feb 2019,1.73,1.8,1.7,1.78,137258
NKO.TO,28 Feb 2019,0.02,0.02,0.02,0.02,439000
NML.TO,28 Feb 2019,0.09,0.1,0.09,0.09,243400
NMX.TO,28 Feb 2019,0.38,0.38,0.36,0.38,2963702
NMX.WT.TO,28 Feb 2019,0.03,0.05,0.02,0.03,643132
NOA.TO,28 Feb 2019,16.77,17.46,16.65,17.34,134840
NOA.DB.TO,28 Feb 2019,160,165,160,163.7,148000
NPF.UN.TO,28 Feb 2019,19.07,19.07,19.07,19.07,400
NPI.TO,28 Feb 2019,24.95,25.1,24.87,24.95,851920
NPI.DB.C.TO,28 Feb 2019,116.45,119.06,116.45,119.06,36000
NPI.PR.A.TO,28 Feb 2019,16.04,16.1,16,16,700
NPI.PR.B.TO,28 Feb 2019,16.85,16.85,16.75,16.75,2438
NPI.PR.C.TO,28 Feb 2019,20.5,20.54,20.5,20.51,1900
NPK.TO,28 Feb 2019,0.6,0.64,0.6,0.64,59000
NPRF.TO,28 Feb 2019,20.18,20.18,20.18,20.18,400
NREA.TO,28 Feb 2019,20.1,20.19,20.1,20.13,5400
NRI.TO,28 Feb 2019,2.42,2.49,2.42,2.49,6675
NSU.TO,28 Feb 2019,5.99,5.99,5.99,5.99,4513
NTR.TO,28 Feb 2019,72.51,73.07,71.31,71.63,1136633
NVA.TO,28 Feb 2019,4.42,4.42,4.15,4.19,925366
NVCN.TO,28 Feb 2019,0.58,0.69,0.58,0.69,188017
NVU.DB.TO,28 Feb 2019,114.75,115,114,115,116000
NVU.UN.TO,28 Feb 2019,27.15,27.86,27.11,27.75,485718
NWC.TO,28 Feb 2019,32.35,32.35,32.02,32.14,123258
NWH.DB.C.TO,28 Feb 2019,100.75,100.8,100.75,100.8,12000
NWH.DB.D.TO,28 Feb 2019,103.99,104,103.99,104,65000
NWH.DB.F.TO,28 Feb 2019,101.5,102,101.5,102,110000
NWH.DB.G.TO,28 Feb 2019,101.25,101.5,101,101.5,114000
NWH.UN.TO,28 Feb 2019,10.91,11.15,10.9,11.1,880223
NXE.TO,28 Feb 2019,2.21,2.21,2.14,2.16,1156308
NXF.TO,28 Feb 2019,7.46,7.46,7.42,7.43,34475
NXJ.TO,28 Feb 2019,2,2,1.8,1.92,10656
NZC.TO,28 Feb 2019,0.09,0.09,0.08,0.08,95718
OBE.TO,28 Feb 2019,0.48,0.48,0.46,0.46,345867
OCS.UN.TO,28 Feb 2019,6.11,6.14,6.11,6.14,750
OGC.TO,28 Feb 2019,4.24,4.28,4.2,4.24,1706698
OLA.TO,28 Feb 2019,1.2,1.2,1.17,1.18,117200
OLY.TO,28 Feb 2019,42.24,42.25,42.24,42.25,1202
ONC.TO,28 Feb 2019,3.05,3.13,2.66,2.7,107768
ONEQ.TO,28 Feb 2019,24.67,24.67,24.67,24.67,100
ONEX.TO,28 Feb 2019,78.2,79.76,78.12,79.15,224870
OPS.TO,28 Feb 2019,0.83,0.84,0.8,0.8,42500
OPT.TO,28 Feb 2019,44.84,44.99,44.84,44.99,400
OR.TO,28 Feb 2019,14.78,14.87,14.62,14.75,404981
OR.DB.TO,28 Feb 2019,102.5,102.5,102.5,102.5,50000
OR.WT.TO,28 Feb 2019,0.44,0.44,0.43,0.43,2522
ORL.TO,28 Feb 2019,3.6,3.6,3.54,3.54,8934
ORV.TO,28 Feb 2019,0.19,0.2,0.19,0.19,172500
OSB.TO,28 Feb 2019,33.43,34.07,32.87,34,309582
OSK.TO,28 Feb 2019,3.54,3.55,3.44,3.5,669699
OSL.UN.TO,28 Feb 2019,9.73,9.76,9.7,9.76,10599
OSP.TO,28 Feb 2019,3.25,3.25,3.11,3.11,2442
OSP.PR.A.TO,28 Feb 2019,9.42,9.58,9.42,9.58,217300
OTEX.TO,28 Feb 2019,50.19,50.63,49.87,49.88,666418
PAAS.TO,28 Feb 2019,18.06,18.07,17.48,17.58,693706
PAR.UN.TO,28 Feb 2019,2.07,2.07,2.07,2.07,500
PATH.TO,28 Feb 2019,2.22,2.22,2.22,2.22,300
PAY.TO,28 Feb 2019,0.11,0.11,0.11,0.11,2500
PBD.TO,28 Feb 2019,18.22,18.22,18.22,18.22,1439
PBH.TO,28 Feb 2019,74.41,74.9,73.73,73.97,175095
PBH.DB.E.TO,28 Feb 2019,105.5,105.5,105.5,105.5,10000
PBH.DB.F.TO,28 Feb 2019,103.5,103.5,103.5,103.5,18000
PBH.DB.G.TO,28 Feb 2019,100.51,100.51,100.5,100.5,53000
PBL.TO,28 Feb 2019,23.57,23.66,23.4,23.4,2700
PBY.UN.TO,28 Feb 2019,11.1,11.14,11.05,11.09,7190
PCD.UN.TO,28 Feb 2019,7.85,7.85,7.8,7.8,17600
PCY.TO,28 Feb 2019,0.19,0.19,0.17,0.17,229880
PD.TO,28 Feb 2019,3.37,3.37,3.23,3.32,1684575
PDC.TO,28 Feb 2019,26.77,26.79,26.72,26.77,6390
PDF.TO,28 Feb 2019,25.6,25.6,25.53,25.58,1527
PDL.TO,28 Feb 2019,21.47,23.77,21.46,23.75,127630
PDV.TO,28 Feb 2019,6.71,6.71,6.71,6.71,219
PEGI.TO,28 Feb 2019,27.12,27.49,26.95,27.46,498600
PEY.TO,28 Feb 2019,7.91,7.95,7.49,7.59,1992532
PFB.TO,28 Feb 2019,10,10.08,9.96,10,1600
PFG.TO,28 Feb 2019,9.56,9.57,9.55,9.57,7000
PFH.F.TO,28 Feb 2019,19.55,19.55,19.55,19.55,600
PFL.TO,28 Feb 2019,19.91,19.91,19.9,19.91,81700
PG.TO,28 Feb 2019,1.83,1.85,1.76,1.85,970512
PGF.TO,28 Feb 2019,0.76,0.78,0.76,0.78,198202
PGI.UN.TO,28 Feb 2019,10.38,10.41,10.25,10.36,45327
PGLC.TO,28 Feb 2019,1.7,1.73,1.64,1.73,31100
PHE.B.TO,28 Feb 2019,25.63,25.64,25.63,25.64,400
PHO.TO,28 Feb 2019,1.52,1.52,1.47,1.48,72059
PHW.TO,28 Feb 2019,19.07,19.07,19.07,19.07,590
PHX.TO,28 Feb 2019,2.75,2.9,2.67,2.73,193850
PHYS.TO,28 Feb 2019,13.98,13.98,13.93,13.96,1500
PIC.A.TO,28 Feb 2019,6.7,6.7,6.45,6.56,54632
PIC.PR.A.TO,28 Feb 2019,14.67,14.67,14.62,14.62,10100
PID.TO,28 Feb 2019,20.86,20.87,20.76,20.76,2756
PIF.TO,28 Feb 2019,11.61,11.94,11.55,11.86,41508
PKI.TO,28 Feb 2019,37.25,37.26,36.21,36.82,551882
PL.TO,28 Feb 2019,10.44,10.7,10.44,10.56,18650
PLC.TO,28 Feb 2019,25.84,25.84,25.05,25.19,48976
PLI.TO,28 Feb 2019,0.41,0.41,0.38,0.38,1480379
PLV.TO,28 Feb 2019,22.37,22.43,22.37,22.4,2953
PLZ.UN.TO,28 Feb 2019,4.22,4.23,4.11,4.12,114540
PMB.UN.TO,28 Feb 2019,7.9,7.9,7.88,7.89,3900
PME.TO,28 Feb 2019,2.02,2.02,1.95,2.01,10599
PMIF.TO,28 Feb 2019,19.77,19.77,19.74,19.75,6923
PMIF.U.TO,28 Feb 2019,20.46,20.46,20.46,20.46,9983
PMM.TO,28 Feb 2019,23.01,23.01,23.01,23.01,292
PMN.TO,28 Feb 2019,0.33,0.33,0.31,0.31,349267
PMNT.TO,28 Feb 2019,20.08,20.08,20.08,20.08,2488
PMT.TO,28 Feb 2019,0.35,0.35,0.34,0.34,9186
PNC.A.TO,28 Feb 2019,2.5,4.5,2.26,3.35,18925
PNC.B.TO,28 Feb 2019,1.99,4.05,1.99,3.2,5705
PNE.TO,28 Feb 2019,0.25,0.25,0.25,0.25,31500
PNP.TO,28 Feb 2019,1.3,1.3,1.26,1.26,525
POM.TO,28 Feb 2019,0.88,0.88,0.86,0.87,26000
PONY.TO,28 Feb 2019,1.5,1.5,1.41,1.47,433275
POU.TO,28 Feb 2019,9.38,9.51,8.87,8.98,375480
POW.TO,28 Feb 2019,27.9,28.14,27.85,28.09,1022670
POW.PR.A.TO,28 Feb 2019,24.67,24.67,24.67,24.67,100
POW.PR.B.TO,28 Feb 2019,23.59,23.59,23.49,23.58,5587
POW.PR.C.TO,28 Feb 2019,25.36,25.36,25.3,25.32,7652
POW.PR.D.TO,28 Feb 2019,22.15,22.16,22.14,22.15,2203
POW.PR.G.TO,28 Feb 2019,24.91,24.93,24.9,24.93,2450
PPL.TO,28 Feb 2019,48.2,48.44,48.02,48.16,1223154
PPL.PF.A.TO,28 Feb 2019,21.9,22.49,21.86,22.49,4900
PPL.PR.A.TO,28 Feb 2019,18,18.1,18,18.1,1950
PPL.PR.C.TO,28 Feb 2019,17.65,18,17.65,18,17022
PPL.PR.E.TO,28 Feb 2019,19.82,19.96,19.71,19.82,4600
PPL.PR.G.TO,28 Feb 2019,18.41,18.68,18.4,18.68,4343
PPL.PR.I.TO,28 Feb 2019,22,22.23,21.83,22.23,1600
PPL.PR.K.TO,28 Feb 2019,25.75,25.91,25.75,25.9,5400
PPL.PR.M.TO,28 Feb 2019,25.67,25.67,25.6,25.65,2747
PPL.PR.O.TO,28 Feb 2019,18.28,18.63,18.28,18.63,1500
PPL.PR.Q.TO,28 Feb 2019,19.75,19.75,19.67,19.75,3550
PPR.TO,28 Feb 2019,0.26,0.27,0.23,0.23,287786
PPS.TO,28 Feb 2019,14.47,14.63,14.47,14.63,8744
PR.TO,28 Feb 2019,9.16,9.16,9.14,9.14,713
PRA.TO,28 Feb 2019,18.91,18.91,18.86,18.86,409
PRM.TO,28 Feb 2019,12.65,12.67,12.65,12.67,1400
PRN.TO,28 Feb 2019,0.83,0.85,0.8,0.81,128402
PRQ.TO,28 Feb 2019,0.5,0.5,0.48,0.48,30976
PRU.TO,28 Feb 2019,0.41,0.41,0.41,0.41,215500
PSA.TO,28 Feb 2019,50.01,50.01,50,50.01,13013
PSB.TO,28 Feb 2019,17.95,17.95,17.93,17.93,24519
PSD.TO,28 Feb 2019,2.43,2.43,2.4,2.4,37304
PSI.TO,28 Feb 2019,20.16,20.43,20.05,20.26,353012
PSK.TO,28 Feb 2019,19.24,19.24,18.71,19.17,715018
PSLV.TO,28 Feb 2019,7.47,7.47,7.44,7.44,400
PSU.U.TO,28 Feb 2019,100.01,100.01,100.01,100.01,1720
PTB.TO,28 Feb 2019,18.44,18.46,18.44,18.46,1425
PTG.TO,28 Feb 2019,1.34,1.39,1.3,1.33,209137
PTM.TO,28 Feb 2019,2.25,2.28,2.18,2.18,16880
PTM.WT.U.TO,28 Feb 2019,0.02,0.02,0.02,0.02,500000
PTS.TO,28 Feb 2019,15.81,15.88,15.75,15.84,1300
PUD.B.TO,28 Feb 2019,26.28,26.28,26.28,26.28,693
PVG.TO,28 Feb 2019,10.54,10.73,10.49,10.66,374795
PVS.PR.D.TO,28 Feb 2019,25.08,25.15,25.08,25.15,4020
PVS.PR.E.TO,28 Feb 2019,25.49,25.5,25.45,25.49,9800
PVS.PR.F.TO,28 Feb 2019,25.46,25.49,25.46,25.47,1922
PVS.PR.G.TO,28 Feb 2019,24.98,24.98,24.9,24.95,5600
PWF.TO,28 Feb 2019,29.08,29.38,28.98,29.37,741700
PWF.PR.A.TO,28 Feb 2019,14.35,14.35,14.28,14.35,1575
PWF.PR.E.TO,28 Feb 2019,24.17,24.17,24.16,24.16,200
PWF.PR.F.TO,28 Feb 2019,23.1,23.2,23.1,23.1,1800
PWF.PR.G.TO,28 Feb 2019,25.33,25.43,25.33,25.38,2860
PWF.PR.H.TO,28 Feb 2019,25.16,25.16,25.07,25.12,9076
PWF.PR.I.TO,28 Feb 2019,25.59,25.61,25.51,25.61,2946
PWF.PR.K.TO,28 Feb 2019,21.76,21.78,21.64,21.77,2263
PWF.PR.L.TO,28 Feb 2019,22.29,22.4,22.29,22.4,800
PWF.PR.O.TO,28 Feb 2019,25.23,25.23,25.23,25.23,200
PWF.PR.P.TO,28 Feb 2019,14.65,14.75,14.65,14.75,10300
PWF.PR.Q.TO,28 Feb 2019,14.89,14.9,14.89,14.9,7000
PWF.PR.R.TO,28 Feb 2019,24.9,24.94,24.85,24.94,4043
PWF.PR.S.TO,28 Feb 2019,21.36,21.36,21.1,21.3,7422
PWF.PR.T.TO,28 Feb 2019,19.7,19.7,19.48,19.49,1135
PWF.PR.Z.TO,28 Feb 2019,22.62,22.79,22.61,22.79,14130
PXC.TO,28 Feb 2019,26.67,26.68,26.63,26.64,2531
PXS.TO,28 Feb 2019,25.98,25.98,25.97,25.97,200
PXS.U.TO,28 Feb 2019,19.87,19.87,19.87,19.87,700
PXT.TO,28 Feb 2019,20.43,20.48,20.21,20.37,532135
PXU.F.TO,28 Feb 2019,38.37,38.37,38.37,38.37,100
PYF.TO,28 Feb 2019,18.7,18.7,18.69,18.7,5950
PZA.TO,28 Feb 2019,10.37,10.37,10.16,10.18,96995
QBR.A.TO,28 Feb 2019,31.44,31.99,31.44,31.98,800
QBR.B.TO,28 Feb 2019,31.34,32.03,31.29,31.97,990369
QCD.TO,28 Feb 2019,26.33,26.33,26.33,26.33,100
QEC.TO,28 Feb 2019,0.32,0.32,0.32,0.32,10000
QGL.TO,28 Feb 2019,28.22,28.22,28.22,28.22,469
QHY.TO,28 Feb 2019,96.52,96.52,95.87,95.87,200
QIE.TO,28 Feb 2019,27.49,27.49,27.37,27.37,5800
QMA.TO,28 Feb 2019,27.25,27.25,27.25,27.25,100
QMY.TO,28 Feb 2019,25.54,25.54,25.54,25.54,569
QQC.F.TO,28 Feb 2019,60.04,60.53,60.04,60.48,2721
QSP.UN.TO,28 Feb 2019,82.25,83.01,82.25,83.01,3284
QSR.TO,28 Feb 2019,82.23,83.53,82.14,83.22,726866
QTRH.TO,28 Feb 2019,1.36,1.4,1.33,1.34,307586
QUS.TO,28 Feb 2019,29.67,29.67,29.63,29.67,300
QUU.TO,28 Feb 2019,105.7,105.77,105.4,105.51,458
QXM.TO,28 Feb 2019,20.33,20.33,20.33,20.33,996
RAI.UN.TO,28 Feb 2019,7.88,7.88,7.87,7.88,44800
RAY.A.TO,28 Feb 2019,7.4,7.41,7.09,7.18,58939
RAY.B.TO,28 Feb 2019,7.08,7.19,7.06,7.19,1200
RBA.TO,28 Feb 2019,49.07,49.85,48.74,48.74,196464
RBDI.TO,28 Feb 2019,18.56,18.56,18.56,18.56,100
RBN.UN.TO,28 Feb 2019,8.24,8.26,8.2,8.22,17022
RBNK.TO,28 Feb 2019,20,20.11,19.95,20,70028
RBOT.TO,28 Feb 2019,20.74,20.74,20.48,20.49,2094
RBOT.U.TO,28 Feb 2019,15.64,15.64,15.64,15.64,100
RCD.TO,28 Feb 2019,20.18,20.18,20.16,20.16,2036
RCE.TO,28 Feb 2019,21.59,21.59,21.55,21.55,759
RCH.TO,28 Feb 2019,23.9,23.9,23.5,23.58,60759
RCI.A.TO,28 Feb 2019,73,73.05,72.84,72.84,390
RCI.B.TO,28 Feb 2019,72.76,73.59,72.7,72.71,1035770
RDL.TO,28 Feb 2019,1.58,1.59,1.58,1.59,5091
REAL.TO,28 Feb 2019,5.01,5.01,4.86,4.94,26677
RECP.TO,28 Feb 2019,28.25,28.25,27.76,28.04,11730
REI.UN.TO,28 Feb 2019,25.1,25.29,25,25.14,1063085
RET.TO,28 Feb 2019,3.5,3.5,3.5,3.5,550
RET.A.TO,28 Feb 2019,3.6,3.6,3.56,3.58,1200
RFP.TO,28 Feb 2019,10.9,10.9,10.57,10.86,12161
RGRE.TO,28 Feb 2019,19.22,19.22,19.22,19.22,100
RGX.TO,28 Feb 2019,0.05,0.05,0.05,0.05,228840
RIB.UN.TO,28 Feb 2019,14.67,15.1,14.67,15.1,6200
RID.TO,28 Feb 2019,22.86,22.87,22.8,22.81,5909
RIDH.TO,28 Feb 2019,22.51,22.51,22.5,22.5,3619
RIE.TO,28 Feb 2019,21.73,21.73,21.73,21.73,200
RIG.TO,28 Feb 2019,20.8,20.8,20.8,20.8,187
RIT.TO,28 Feb 2019,17.36,17.53,17.36,17.48,43323
RLB.TO,28 Feb 2019,19.11,19.11,19.11,19.11,702
RLE.TO,28 Feb 2019,25.73,25.73,25.73,25.73,1200
RME.TO,28 Feb 2019,8.66,8.84,8.66,8.76,32355
RMX.TO,28 Feb 2019,1.26,1.27,1.25,1.27,13573
RNW.TO,28 Feb 2019,12.26,12.35,12.22,12.23,1074887
RNX.TO,28 Feb 2019,0.57,0.61,0.56,0.6,1976273
ROOT.TO,28 Feb 2019,4.5,4.65,4.46,4.63,110700
ROXG.TO,28 Feb 2019,0.86,0.87,0.85,0.86,66939
RPD.TO,28 Feb 2019,21.9,21.9,21.84,21.89,800
RPDH.TO,28 Feb 2019,21.86,21.92,21.86,21.92,675
RPF.TO,28 Feb 2019,20.88,20.96,20.88,20.96,17547
RPI.UN.TO,28 Feb 2019,35.99,36.39,35.81,36.21,3714
RPSB.TO,28 Feb 2019,19.95,19.95,19.95,19.95,5400
RQG.TO,28 Feb 2019,18.63,18.63,18.63,18.63,200
RQH.TO,28 Feb 2019,19.92,19.92,19.92,19.92,2200
RQI.TO,28 Feb 2019,19.69,19.69,19.69,19.69,200
RSI.TO,28 Feb 2019,5.92,6,5.89,5.99,164578
RSI.DB.E.TO,28 Feb 2019,101.1,101.1,100.4,100.4,41000
RSI.DB.F.TO,28 Feb 2019,101.25,101.25,101.07,101.07,27000
RUBY.TO,28 Feb 2019,18.83,18.83,18.83,18.83,100
RUD.TO,28 Feb 2019,34.22,34.35,34.22,34.3,322
RUD.U.TO,28 Feb 2019,26.1,26.1,26.1,26.1,183
RUDH.TO,28 Feb 2019,26.59,26.59,26.59,26.59,100
RUE.TO,28 Feb 2019,28.38,28.38,28.38,28.38,200
RUS.TO,28 Feb 2019,24.18,24.28,23.78,24,171516
RVX.TO,28 Feb 2019,3.06,3.15,3,3.15,51732
RVX.WT.TO,28 Feb 2019,2.44,2.44,2.44,2.44,200
RWE.TO,28 Feb 2019,26.46,26.46,26.46,26.46,600
RWW.TO,28 Feb 2019,29.88,29.88,29.87,29.87,9500
RWX.B.TO,28 Feb 2019,21,21,21,21,2437
RXD.TO,28 Feb 2019,21,21,20.76,20.78,1025
RY.TO,28 Feb 2019,102.9,103.28,102.56,102.85,2508038
RY.PR.A.TO,28 Feb 2019,25.21,25.27,25.2,25.27,3680
RY.PR.C.TO,28 Feb 2019,25.21,25.23,25.18,25.18,4500
RY.PR.E.TO,28 Feb 2019,25.34,25.34,25.28,25.3,2800
RY.PR.F.TO,28 Feb 2019,25.21,25.23,25.21,25.23,1127
RY.PR.G.TO,28 Feb 2019,25.26,25.28,25.26,25.28,1650
RY.PR.H.TO,28 Feb 2019,19.8,19.8,19.61,19.77,9128
RY.PR.J.TO,28 Feb 2019,21.75,21.82,21.72,21.82,11200
RY.PR.M.TO,28 Feb 2019,21.16,21.21,21.03,21.21,6169
RY.PR.N.TO,28 Feb 2019,23.86,23.93,23.86,23.86,1200
RY.PR.O.TO,28 Feb 2019,24.17,24.18,24.11,24.11,8200
RY.PR.P.TO,28 Feb 2019,25.13,25.19,25.13,25.15,3801
RY.PR.Q.TO,28 Feb 2019,26.11,26.11,25.98,26.07,6161
RY.PR.R.TO,28 Feb 2019,26.15,26.2,26.15,26.19,22380
RY.PR.S.TO,28 Feb 2019,22.49,22.5,22.2,22.49,7429
RY.PR.W.TO,28 Feb 2019,24.4,24.5,24.39,24.45,18571
RY.PR.Z.TO,28 Feb 2019,19.33,19.37,19.2,19.34,18002
S.TO,28 Feb 2019,0.49,0.49,0.47,0.47,579637
S.WT.TO,28 Feb 2019,0.05,0.06,0.05,0.06,30000
SAM.TO,28 Feb 2019,0.12,0.12,0.12,0.12,20000
SAP.TO,28 Feb 2019,42.85,43.25,42.71,42.89,658720
SAU.TO,28 Feb 2019,0.02,0.02,0.02,0.02,34560
SBB.TO,28 Feb 2019,1.4,1.41,1.35,1.37,170419
SBC.TO,28 Feb 2019,13.35,13.44,13.28,13.34,6172
SBC.PR.A.TO,28 Feb 2019,10.12,10.12,10.11,10.11,12100
SBR.TO,28 Feb 2019,0.14,0.15,0.13,0.14,158200
SCAD.TO,28 Feb 2019,19.61,19.63,19.6,19.63,1200
SCB.TO,28 Feb 2019,0.6,0.61,0.59,0.61,121800
SCL.TO,28 Feb 2019,20.88,20.88,20.45,20.68,122591
SCU.TO,28 Feb 2019,1.97,1.97,1.97,1.97,800
SCY.TO,28 Feb 2019,0.18,0.18,0.18,0.18,16544
SDY.TO,28 Feb 2019,1.42,1.42,1.42,1.42,3500
SEA.TO,28 Feb 2019,18.97,19.11,18.71,18.95,55526
SEED.TO,28 Feb 2019,28.09,28.24,28.06,28.11,5161
SES.TO,28 Feb 2019,8.81,8.85,8.38,8.48,803304
SEV.TO,28 Feb 2019,0.1,0.1,0.1,0.1,10448
SFD.TO,28 Feb 2019,0.46,0.46,0.4,0.46,34000
SGY.TO,28 Feb 2019,1.4,1.44,1.36,1.44,2317925
SGY.DB.TO,28 Feb 2019,96.99,96.99,96.99,96.99,5000
SHLE.TO,28 Feb 2019,1.15,1.15,1.14,1.15,11400
SHOP.TO,28 Feb 2019,248.95,252,247.12,249.28,295396
SHZ.TO,28 Feb 2019,10.07,10.07,10.07,10.07,700
SIA.TO,28 Feb 2019,18,18.11,17.95,18.1,227670
SID.TO,28 Feb 2019,21.7,21.7,21.7,21.7,802
SII.TO,28 Feb 2019,2.63,2.63,2.54,2.56,132322
SINT.TO,28 Feb 2019,18.24,18.24,18.24,18.24,100
SIS.TO,28 Feb 2019,13.35,13.43,13.25,13.39,102466
SJ.TO,28 Feb 2019,41.63,41.83,41.06,41.24,145630
SJR.B.TO,28 Feb 2019,27.04,27.31,27.04,27.14,1502074
SJR.PR.A.TO,28 Feb 2019,15.26,15.4,15.26,15.4,3072
SKG.UN.TO,28 Feb 2019,7.1,7.1,7.09,7.09,900
SLF.TO,28 Feb 2019,50.5,50.65,49.74,49.82,3859229
SLF.PR.A.TO,28 Feb 2019,21.63,21.64,21.47,21.64,7201
SLF.PR.B.TO,28 Feb 2019,21.69,21.87,21.56,21.87,4990
SLF.PR.C.TO,28 Feb 2019,20.6,20.61,20.43,20.59,3265
SLF.PR.D.TO,28 Feb 2019,20.57,20.6,20.23,20.58,6558
SLF.PR.E.TO,28 Feb 2019,20.59,20.68,20.45,20.68,3600
SLF.PR.G.TO,28 Feb 2019,15.02,15.19,15.01,15.19,3500
SLF.PR.H.TO,28 Feb 2019,17.64,17.8,17.64,17.8,3900
SLF.PR.I.TO,28 Feb 2019,20.43,20.9,20.43,20.9,10915
SLF.PR.J.TO,28 Feb 2019,15,15,14.87,14.93,3100
SLR.TO,28 Feb 2019,0.38,0.38,0.37,0.38,4000
SMC.TO,28 Feb 2019,0.09,0.09,0.09,0.09,2300
SMF.TO,28 Feb 2019,3.57,3.7,3.55,3.7,1582584
SMT.TO,28 Feb 2019,2.28,2.28,2.28,2.28,100
SMU.UN.TO,28 Feb 2019,11.2,11.29,11.17,11.22,384257
SNC.TO,28 Feb 2019,36.84,36.98,36,36.35,1019813
SOLG.TO,28 Feb 2019,0.63,0.63,0.63,0.63,16000
SOP.TO,28 Feb 2019,0.05,0.05,0.04,0.04,39000
SOT.DB.TO,28 Feb 2019,102.9,102.91,102.9,102.91,7000
SOT.UN.TO,28 Feb 2019,6.86,6.87,6.8,6.82,150818
SOX.TO,28 Feb 2019,5.42,5.42,5.25,5.3,26710
SOX.DB.A.TO,28 Feb 2019,100.1,100.1,100.1,100.1,56000
SOY.TO,28 Feb 2019,3.37,3.63,3.37,3.4,252087
SPB.TO,28 Feb 2019,11.35,11.36,11.27,11.31,1512550
SPPP.TO,28 Feb 2019,15.85,15.85,15.55,15.55,1190
SPPP.U.TO,28 Feb 2019,11.8,11.8,11.8,11.8,100
SRHI.TO,28 Feb 2019,1.53,1.54,1.49,1.53,16650
SRHI.WT.TO,28 Feb 2019,0.02,0.02,0.02,0.02,10000
SRT.U.TO,28 Feb 2019,9.6,9.6,9.6,9.6,405
SRT.UN.TO,28 Feb 2019,12.86,12.87,12.6,12.63,47873
SRU.UN.TO,28 Feb 2019,33.61,34.1,33.61,33.76,420937
SRV.UN.TO,28 Feb 2019,15.65,15.7,15.65,15.69,5350
SRX.TO,28 Feb 2019,2.22,2.22,2.16,2.18,43273
SSF.UN.TO,28 Feb 2019,8.36,8.39,8.35,8.35,5500
SSL.TO,28 Feb 2019,7.43,7.47,7.36,7.4,492116
SSL.WT.TO,28 Feb 2019,2.49,2.49,2.49,2.49,300
SSRM.TO,28 Feb 2019,18.43,18.54,18.19,18.26,253467
STEP.TO,28 Feb 2019,2.27,2.27,2.16,2.19,93547
STGO.TO,28 Feb 2019,0.73,0.73,0.73,0.73,2000
STLC.TO,28 Feb 2019,19.71,19.72,19.3,19.68,157269
STN.TO,28 Feb 2019,32.86,32.99,32.17,32.38,265310
STPL.TO,28 Feb 2019,19.66,19.66,19.64,19.64,4336
SU.TO,28 Feb 2019,45.56,45.67,45.02,45.36,4694010
SUM.TO,28 Feb 2019,19.13,19.15,19.13,19.14,41167
SUSA.TO,28 Feb 2019,20.7,20.7,20.69,20.69,200
SVB.TO,28 Feb 2019,0.14,0.15,0.14,0.15,342065
SVM.TO,28 Feb 2019,3.46,3.48,3.36,3.42,431332
SVR.TO,28 Feb 2019,8.37,8.37,8.32,8.36,5353
SVR.C.TO,28 Feb 2019,8.09,8.09,8.08,8.08,1863
SW.TO,28 Feb 2019,16.92,16.95,16.54,16.6,121244
SWP.TO,28 Feb 2019,5.09,5.24,5.09,5.22,15016
SWY.TO,28 Feb 2019,0.19,0.2,0.19,0.19,23772
SXI.TO,28 Feb 2019,0.38,0.38,0.38,0.38,1000
SXP.TO,28 Feb 2019,3.31,3.42,3.24,3.32,40104
SYLD.TO,28 Feb 2019,19.33,19.33,19.33,19.33,124
T.TO,28 Feb 2019,47.85,48.19,47.76,47.8,1491474
TA.TO,28 Feb 2019,8.09,8.3,7.98,8.01,2263974
TA.PR.D.TO,28 Feb 2019,11.86,11.95,11.85,11.87,5449
TA.PR.E.TO,28 Feb 2019,12.91,12.91,12.9,12.9,218
TA.PR.F.TO,28 Feb 2019,14.43,14.46,14.43,14.46,200
TA.PR.H.TO,28 Feb 2019,17.2,17.2,17,17.18,3200
TA.PR.J.TO,28 Feb 2019,18.21,18.38,18.08,18.38,2600
TAO.TO,28 Feb 2019,0.35,0.35,0.35,0.35,25011
TBL.TO,28 Feb 2019,1.1,1.1,1.06,1.09,4300
TC.TO,28 Feb 2019,102.99,102.99,102,102.17,1505
TCL.A.TO,28 Feb 2019,21.41,21.55,18.75,18.95,1149608
TCL.B.TO,28 Feb 2019,21.36,21.36,20.81,20.81,400
TCN.TO,28 Feb 2019,11.1,11.2,10.99,11.03,887861
TCS.TO,28 Feb 2019,13.67,13.72,13.64,13.72,300
TCSB.TO,28 Feb 2019,15.3,15.3,15.3,15.3,170
TCW.TO,28 Feb 2019,1.49,1.49,1.42,1.46,1113039
TD.TO,28 Feb 2019,74.91,76.32,74.84,75.46,7009035
TD.PF.A.TO,28 Feb 2019,19.29,19.38,19.29,19.38,6300
TD.PF.B.TO,28 Feb 2019,19.36,19.4,19.32,19.4,81200
TD.PF.C.TO,28 Feb 2019,19.33,19.46,19.25,19.46,11200
TD.PF.D.TO,28 Feb 2019,21.81,21.9,21.79,21.9,2304
TD.PF.E.TO,28 Feb 2019,22.05,22.18,22.05,22.18,1634
TD.PF.F.TO,28 Feb 2019,23.88,23.9,23.85,23.9,8694
TD.PF.G.TO,28 Feb 2019,25.97,26,25.94,26,18238
TD.PF.H.TO,28 Feb 2019,25.56,25.69,25.56,25.69,7315
TD.PF.I.TO,28 Feb 2019,23.56,23.94,23.56,23.94,1330
TD.PF.J.TO,28 Feb 2019,22.76,22.76,22.55,22.73,10649
TD.PF.K.TO,28 Feb 2019,22.5,22.56,22.4,22.56,5536
TD.PF.L.TO,28 Feb 2019,25.29,25.29,25.21,25.25,15340
TDB.TO,28 Feb 2019,14.36,14.36,14.34,14.34,2939
TECK.A.TO,28 Feb 2019,29.93,29.93,29.6,29.6,2712
TECK.B.TO,28 Feb 2019,30.01,30.19,29.49,29.49,1874747
TEI.TO,28 Feb 2019,0.16,0.16,0.15,0.16,6500
TEV.TO,28 Feb 2019,7.1,7.12,6.93,7.07,16041
TF.TO,28 Feb 2019,9.31,9.35,9.29,9.35,72913
TF.DB.B.TO,28 Feb 2019,101.05,101.05,101.05,101.05,4000
TF.DB.C.TO,28 Feb 2019,98.49,98.49,98.24,98.25,27000
TFII.TO,28 Feb 2019,43.5,43.5,39.84,40.55,600066
TGL.TO,28 Feb 2019,2.7,2.7,2.61,2.61,67700
TGO.TO,28 Feb 2019,10.46,10.57,10.33,10.49,20129
TGOD.TO,28 Feb 2019,3.9,4.03,3.89,3.99,2822178
TGOD.WT.TO,28 Feb 2019,1.73,1.78,1.7,1.71,60086
TGZ.TO,28 Feb 2019,4.36,4.41,4.24,4.33,207802
TH.TO,28 Feb 2019,9.19,9.35,9.17,9.35,1142458
The.TO,28 Feb 2019,17.66,17.66,17.66,17.66,300
THNK.TO,28 Feb 2019,19.05,19.05,19,19.02,405
THU.TO,28 Feb 2019,19.93,19.93,19.93,19.93,120
TI.TO,28 Feb 2019,0.85,0.85,0.81,0.81,4000
TIH.TO,28 Feb 2019,68.88,69.2,67.99,68.5,166679
TKO.TO,28 Feb 2019,0.9,0.92,0.87,0.88,295477
TLG.TO,28 Feb 2019,0.88,0.89,0.88,0.89,62000
TLO.TO,28 Feb 2019,0.08,0.08,0.08,0.08,26000
TLV.TO,28 Feb 2019,28.13,28.24,28.13,28.21,5530
TMD.TO,28 Feb 2019,5.21,5.21,4.9,5.16,113114
TMD.WT.G.TO,28 Feb 2019,0.07,0.07,0.07,0.07,1000
TMD.WT.I.TO,28 Feb 2019,0.11,0.11,0.11,0.11,100400
TMI.TO,28 Feb 2019,0.05,0.06,0.05,0.06,113500
TML.TO,28 Feb 2019,0.32,0.32,0.31,0.31,12100
TMQ.TO,28 Feb 2019,2.88,2.9,2.84,2.87,4300
TMR.TO,28 Feb 2019,5.95,6.01,5.77,5.92,27004
TNP.TO,28 Feb 2019,1.57,1.57,1.57,1.57,100
TNT.UN.TO,28 Feb 2019,6.47,6.48,6.45,6.48,79380
TNX.TO,28 Feb 2019,0.87,0.87,0.8,0.83,41504
TOG.TO,28 Feb 2019,4.88,4.89,4.61,4.63,2937732
TOS.TO,28 Feb 2019,0.49,0.5,0.49,0.49,44200
TOT.TO,28 Feb 2019,9.59,9.75,9.36,9.57,21175
TOU.TO,28 Feb 2019,21.23,21.27,19.86,19.97,1216520
TOY.TO,28 Feb 2019,44.75,45,44.4,44.81,99316
TPE.TO,28 Feb 2019,17.23,17.23,17.23,17.23,333
TPH.TO,28 Feb 2019,1.85,1.85,1.73,1.82,184503
TPH.DB.E.TO,28 Feb 2019,100.01,100.01,100,100,87000
TPRF.TO,28 Feb 2019,9.18,9.18,9.16,9.16,3875
TPU.TO,28 Feb 2019,20.62,20.65,20.62,20.65,346
TPX.A.TO,28 Feb 2019,81.89,81.89,81.89,81.89,111
TPX.B.TO,28 Feb 2019,82.75,86.38,82.75,85.01,1976
TRI.TO,28 Feb 2019,70.65,71.99,70.65,71.56,862967
TRI.PR.B.TO,28 Feb 2019,14.06,14.06,13.95,14,8744
TRIL.TO,28 Feb 2019,0.98,0.98,0.92,0.93,27400
TRL.TO,28 Feb 2019,2.46,2.5,2.45,2.5,1400
TRP.TO,28 Feb 2019,58.85,59.18,58.72,58.85,3912065
TRP.PR.A.TO,28 Feb 2019,15.81,15.81,15.72,15.8,2400
TRP.PR.B.TO,28 Feb 2019,13.1,13.1,12.92,12.95,1300
TRP.PR.C.TO,28 Feb 2019,13.88,13.9,13.69,13.88,6551
TRP.PR.D.TO,28 Feb 2019,17.99,18.24,17.98,18.24,5500
TRP.PR.E.TO,28 Feb 2019,18.15,18.18,18,18.18,7555
TRP.PR.F.TO,28 Feb 2019,15.76,15.8,15.64,15.7,3000
TRP.PR.G.TO,28 Feb 2019,20.3,20.39,20.25,20.39,7304
TRP.PR.I.TO,28 Feb 2019,14.03,14.2,14.02,14.02,2000
TRP.PR.J.TO,28 Feb 2019,25.86,25.98,25.84,25.98,3300
TRP.PR.K.TO,28 Feb 2019,24.81,25.38,24.77,25.37,23373
TRQ.TO,28 Feb 2019,2.36,2.4,2.21,2.27,4459137
TRST.TO,28 Feb 2019,12.09,12.22,11.86,12.02,1300166
TRZ.TO,28 Feb 2019,5.48,5.5,5.46,5.49,26164
TS.B.TO,28 Feb 2019,0.96,1,0.96,0.97,42342
TSGI.TO,28 Feb 2019,21.95,22.05,21.27,21.94,819499
TSL.TO,28 Feb 2019,2.11,2.11,2.11,2.11,2000
TSU.TO,28 Feb 2019,27.5,27.79,27.25,27.5,14875
TTP.TO,28 Feb 2019,18.01,18.01,18,18,710
TUT.UN.TO,28 Feb 2019,12,12,12,12,1200
TV.TO,28 Feb 2019,0.37,0.38,0.37,0.37,5256496
TVA.B.TO,28 Feb 2019,2.2,2.2,2.15,2.17,8500
TVE.TO,28 Feb 2019,2.93,2.96,2.77,2.77,1246541
TVK.TO,28 Feb 2019,12.45,12.45,12.25,12.32,1490
TVK.DB.TO,28 Feb 2019,150,150,150,150,7000
TWC.TO,28 Feb 2019,13.11,13.23,13.11,13.23,800
TWM.TO,28 Feb 2019,1.33,1.37,1.32,1.36,529627
TXF.TO,28 Feb 2019,16.08,16.08,15.85,15.88,21835
TXF.B.TO,28 Feb 2019,17.18,17.18,17.18,17.18,603
TXG.TO,28 Feb 2019,15.8,16.03,15.63,15.92,227283
TXP.TO,28 Feb 2019,0.21,0.21,0.21,0.21,274300
TZS.TO,28 Feb 2019,2.23,2.25,2.23,2.25,6858
TZZ.TO,28 Feb 2019,0.57,0.57,0.57,0.57,500
U.TO,28 Feb 2019,4.75,4.83,4.71,4.76,200503
UEX.TO,28 Feb 2019,0.15,0.15,0.14,0.15,405500
UFS.TO,28 Feb 2019,68.31,68.38,66.77,67,55197
ULV.C.TO,28 Feb 2019,24.93,24.93,24.93,24.93,200
ULV.F.TO,28 Feb 2019,39.25,39.57,39.25,39.47,1720
UMI.TO,28 Feb 2019,26.42,26.42,26.42,26.42,100
UNC.TO,28 Feb 2019,93.8,94.46,93.8,94.46,900
UNI.TO,28 Feb 2019,3.32,3.6,3.32,3.52,56302
UNS.TO,28 Feb 2019,12.35,12.72,12.35,12.56,208027
UR.TO,28 Feb 2019,0.12,0.13,0.12,0.12,362501
URB.TO,28 Feb 2019,2.45,2.48,2.42,2.42,17000
URB.A.TO,28 Feb 2019,2.39,2.4,2.29,2.31,85958
URE.TO,28 Feb 2019,0.98,0.99,0.97,0.97,11387
USA.TO,28 Feb 2019,2.48,2.65,2.41,2.65,154992
USB.TO,28 Feb 2019,22.49,22.57,22.49,22.57,605
USF.UN.TO,28 Feb 2019,7.1,7.13,7.03,7.11,7473
UTE.UN.TO,28 Feb 2019,9.01,9.01,9.01,9.01,913
UWE.TO,28 Feb 2019,0.17,0.17,0.16,0.17,77554
UXM.TO,28 Feb 2019,14.53,14.53,14.53,14.53,379
UXM.B.TO,28 Feb 2019,16.41,16.5,16.41,16.5,6690
VA.TO,28 Feb 2019,33.02,33.02,32.86,32.86,18099
VAB.TO,28 Feb 2019,25.16,25.16,25.09,25.12,71279
VAH.TO,28 Feb 2019,29.07,29.07,29.06,29.06,220
VB.TO,28 Feb 2019,7.86,7.86,7.57,7.6,34619
VB.PR.B.TO,28 Feb 2019,10.35,10.35,10.3,10.3,1200
VBAL.TO,28 Feb 2019,24.96,24.96,24.88,24.89,71084
VBG.TO,28 Feb 2019,26.59,26.59,26.52,26.53,9163
VBU.TO,28 Feb 2019,24.41,24.41,24.3,24.33,9883
VCB.TO,28 Feb 2019,24.78,24.78,24.74,24.74,4812
VCE.TO,28 Feb 2019,34.26,34.26,34.14,34.22,17777
VCIP.TO,28 Feb 2019,25.38,25.38,25.3,25.3,14098
VCM.TO,28 Feb 2019,9.6,9.65,9.6,9.65,381
VCN.TO,28 Feb 2019,32.52,32.6,32.42,32.46,89703
VCNS.TO,28 Feb 2019,25.1,25.1,25,25,20058
VDU.TO,28 Feb 2019,33.93,33.93,33.74,33.74,4929
VDY.TO,28 Feb 2019,33.71,33.71,33.48,33.54,41630
VE.TO,28 Feb 2019,27.75,27.77,27.67,27.72,3977
VEE.TO,28 Feb 2019,33.19,33.19,32.89,32.97,59694
VEF.TO,28 Feb 2019,39.22,39.39,39.22,39.28,7061
VEH.TO,28 Feb 2019,28.09,28.09,28.08,28.08,1030
VEQT.TO,28 Feb 2019,26.01,26.01,25.92,25.93,24116
VET.TO,28 Feb 2019,34.06,34.48,33.33,33.66,1745041
VFF.TO,28 Feb 2019,12.83,14.07,12.83,13.99,1682466
VFV.TO,28 Feb 2019,65.41,65.51,65.2,65.24,32475
VGG.TO,28 Feb 2019,48.55,48.99,48.55,48.81,10322
VGH.TO,28 Feb 2019,37.99,37.99,37.61,37.65,6305
VGRO.TO,28 Feb 2019,24.85,24.85,24.75,24.77,99441
VGV.TO,28 Feb 2019,25.02,25.02,25.02,25.02,746
VGZ.TO,28 Feb 2019,1.06,1.09,1.03,1.03,10218
VI.TO,28 Feb 2019,27.57,27.57,27.52,27.53,4795
VIDY.TO,28 Feb 2019,24.72,24.72,24.62,24.62,6190
VII.TO,28 Feb 2019,10.58,10.71,9.49,9.62,4179955
VIU.TO,28 Feb 2019,27.2,27.26,27.08,27.16,105726
VLB.TO,28 Feb 2019,25.9,25.9,25.74,25.74,3343
VLE.TO,28 Feb 2019,2.93,3.05,2.88,2.92,163285
VLN.TO,28 Feb 2019,9.05,9.22,9.05,9.22,1600
VMD.TO,28 Feb 2019,6.34,6.49,6.28,6.4,502581
VNP.TO,28 Feb 2019,3.46,3.46,3.22,3.35,242200
VNP.DB.TO,28 Feb 2019,100.12,100.12,100.1,100.1,18000
VNR.TO,28 Feb 2019,22.59,22.96,22.52,22.96,210937
VNR.PR.A.TO,28 Feb 2019,22.8,22.8,22.75,22.75,1750
VRE.TO,28 Feb 2019,33.67,33.94,33.65,33.82,13730
VSB.TO,28 Feb 2019,23.77,23.77,23.75,23.76,29830
VSC.TO,28 Feb 2019,24.14,24.14,24.12,24.13,12561
VSG.TO,28 Feb 2019,24.43,24.43,24.43,24.43,66000
VSP.TO,28 Feb 2019,48.86,48.86,48.3,48.31,14675
VUN.TO,28 Feb 2019,51.53,51.53,51.29,51.33,36272
VUS.TO,28 Feb 2019,54.5,54.55,54.39,54.44,8848
VVL.TO,28 Feb 2019,33.15,33.15,33.08,33.1,3950
VVO.TO,28 Feb 2019,30.82,30.86,30.82,30.86,1942
VXC.TO,28 Feb 2019,36.48,36.56,36.41,36.43,26851
VXM.TO,28 Feb 2019,24.22,24.28,24.22,24.27,794
VXM.B.TO,28 Feb 2019,26.36,26.42,26.28,26.35,2500
W.PR.H.TO,28 Feb 2019,25.21,25.21,25.2,25.2,700
W.PR.J.TO,28 Feb 2019,25.2,25.2,25.2,25.2,400
W.PR.K.TO,28 Feb 2019,25.67,25.67,25.32,25.6,4834
W.PR.M.TO,28 Feb 2019,25.59,25.59,25.39,25.42,900
WCN.TO,28 Feb 2019,109.81,110.62,109.43,109.71,266777
WCP.TO,28 Feb 2019,5,5.01,4.81,4.82,5585039
WDO.TO,28 Feb 2019,4.9,5.03,4.76,4.84,766536
WEED.TO,28 Feb 2019,61.89,63.25,61.71,62.38,4139202
WEF.TO,28 Feb 2019,1.87,1.87,1.8,1.82,1984483
WFS.PR.A.TO,28 Feb 2019,10,10,10,10,400
WFT.TO,28 Feb 2019,65.5,65.59,63.54,64.77,571752
WIR.U.TO,28 Feb 2019,13.27,13.44,13.27,13.4,172677
WJA.TO,28 Feb 2019,20.93,21.33,20.75,20.86,591950
WJX.TO,28 Feb 2019,18.54,18.92,18.39,18.82,38977
WM.TO,28 Feb 2019,0.29,0.29,0.28,0.28,1167850
WN.TO,28 Feb 2019,93.04,94.49,92.8,93.8,266756
WN.PR.A.TO,28 Feb 2019,25.26,25.34,25.25,25.34,2114
WN.PR.C.TO,28 Feb 2019,23.65,23.89,23.54,23.89,2900
WN.PR.D.TO,28 Feb 2019,23.82,23.83,23.82,23.82,2500
WN.PR.E.TO,28 Feb 2019,21.75,21.75,21.75,21.75,100
WPK.TO,28 Feb 2019,42.48,43.07,42.15,42.87,105228
WPM.TO,28 Feb 2019,28.82,28.92,28.48,28.62,1494133
WPRT.TO,28 Feb 2019,1.83,1.83,1.77,1.79,28294
WRG.TO,28 Feb 2019,0.37,0.37,0.37,0.37,5500
WRN.TO,28 Feb 2019,0.85,0.88,0.82,0.84,18300
WRX.TO,28 Feb 2019,0.26,0.26,0.25,0.25,1100
WSP.TO,28 Feb 2019,70.49,70.49,69.57,69.69,237439
WTE.TO,28 Feb 2019,21.97,22.15,21.68,21.7,189279
WXM.TO,28 Feb 2019,17.53,17.54,17.48,17.5,5364
X.TO,28 Feb 2019,82.66,83.46,82.29,82.62,91239
XAM.TO,28 Feb 2019,0.11,0.12,0.11,0.12,58500
XAU.TO,28 Feb 2019,1.62,1.62,1.58,1.6,99340
XAW.TO,28 Feb 2019,25.5,25.5,25.33,25.34,90459
XBAL.TO,28 Feb 2019,22.22,22.22,22.15,22.16,61876
XBB.TO,28 Feb 2019,30.85,30.87,30.79,30.81,70946
XBM.TO,28 Feb 2019,12.68,12.68,12.43,12.45,21410
XCB.TO,28 Feb 2019,21,21.01,20.96,21,40686
XCD.TO,28 Feb 2019,34.95,34.95,34.67,34.8,5281
XCG.TO,28 Feb 2019,34.06,34.06,32.89,32.91,1702
XCH.TO,28 Feb 2019,27.77,27.77,27.54,27.55,4490
XCS.TO,28 Feb 2019,15.17,15.17,15.08,15.15,13061
XCT.TO,28 Feb 2019,0.57,0.57,0.52,0.52,2500
XDG.TO,28 Feb 2019,20.19,20.19,20.17,20.17,1075
XDGH.TO,28 Feb 2019,20.59,20.72,20.59,20.72,6118
XDIV.TO,28 Feb 2019,20.51,20.52,20.44,20.49,17238
XDU.TO,28 Feb 2019,21.92,21.94,21.92,21.94,200
XDUH.TO,28 Feb 2019,21.89,21.96,21.89,21.96,300
XDV.TO,28 Feb 2019,24.26,24.35,24.23,24.3,48189
XEB.TO,28 Feb 2019,20.16,20.17,20.14,20.17,3850
XEC.TO,28 Feb 2019,26.27,26.27,25.97,25.99,25236
XEF.TO,28 Feb 2019,29.5,29.53,29.35,29.4,57090
XEG.TO,28 Feb 2019,10.15,10.17,10.01,10.05,856967
XEH.TO,28 Feb 2019,23.8,23.85,23.78,23.78,4805
XEI.TO,28 Feb 2019,20.84,20.89,20.8,20.84,18769
XEM.TO,28 Feb 2019,31.43,31.43,31.15,31.15,4386
XEN.TO,28 Feb 2019,25.26,25.28,25.25,25.27,627
XEU.TO,28 Feb 2019,23.03,23.04,22.91,22.94,4270
XFA.TO,28 Feb 2019,26.5,26.5,26.42,26.42,2319
XFC.TO,28 Feb 2019,24.21,24.21,24.11,24.15,1619
XFF.TO,28 Feb 2019,24.42,24.42,24.35,24.36,1474
XFH.TO,28 Feb 2019,22.05,22.16,22.05,22.13,8415
XFI.TO,28 Feb 2019,23.16,23.16,22.94,22.94,1612
XFN.TO,28 Feb 2019,37.51,37.74,37.47,37.57,1638372
XFR.TO,28 Feb 2019,20.15,20.15,20.15,20.15,963
XFS.TO,28 Feb 2019,26.59,26.59,26.43,26.47,6494
XGB.TO,28 Feb 2019,21.47,21.47,21.43,21.44,10933
XGD.TO,28 Feb 2019,11.91,11.97,11.88,11.93,530760
XGI.TO,28 Feb 2019,32.15,32.15,32.15,32.15,900
XGRO.TO,28 Feb 2019,19.82,19.85,19.78,19.78,115740
XHB.TO,28 Feb 2019,20.32,20.32,20.22,20.29,19836
XHC.TO,28 Feb 2019,47.93,48.01,47.84,47.84,3913
XHD.TO,28 Feb 2019,29.28,29.34,29.26,29.26,3242
XHU.TO,28 Feb 2019,24.92,24.96,24.89,24.89,4300
XHY.TO,28 Feb 2019,18.96,18.97,18.93,18.95,7774
XIC.TO,28 Feb 2019,25.57,25.63,25.49,25.54,264754
XID.TO,28 Feb 2019,34.75,34.87,34.75,34.87,446
XIG.TO,28 Feb 2019,22.26,22.27,22.25,22.25,967
XIN.TO,28 Feb 2019,25.14,25.23,25.14,25.17,27694
XIT.TO,28 Feb 2019,21.28,21.4,21.23,21.28,11416
XIU.TO,28 Feb 2019,23.95,24.02,23.88,23.9,2808652
XLB.TO,28 Feb 2019,23.75,23.79,23.66,23.68,24119
XMA.TO,28 Feb 2019,12.9,12.9,12.81,12.86,4704
XMC.TO,28 Feb 2019,19.32,19.32,19.3,19.3,944
XMD.TO,28 Feb 2019,25.2,25.21,25.1,25.14,2910
XMF.PR.C.TO,28 Feb 2019,1.81,1.81,1.8,1.8,3000
XMH.TO,28 Feb 2019,18.15,18.59,18.15,18.53,2831
XMI.TO,28 Feb 2019,35.82,35.82,35.74,35.74,4459
XML.TO,28 Feb 2019,22.94,22.94,22.94,22.94,3359
XMM.TO,28 Feb 2019,28.1,28.1,27.95,27.95,800
XMS.TO,28 Feb 2019,25.61,25.61,25.61,25.61,100
XMU.TO,28 Feb 2019,51.37,51.44,51.27,51.27,3228
XMV.TO,28 Feb 2019,29.72,29.72,29.53,29.58,1418
XMW.TO,28 Feb 2019,41.15,41.16,41.05,41.05,1210
XMY.TO,28 Feb 2019,24.04,24.04,24.04,24.04,300
XPF.TO,28 Feb 2019,16.86,16.86,16.76,16.77,6668
XQB.TO,28 Feb 2019,20.47,20.47,20.4,20.4,5529
XQQ.TO,28 Feb 2019,57.14,57.35,57.06,57.14,29475
XRB.TO,28 Feb 2019,23.72,23.72,23.6,23.6,12339
XRE.TO,28 Feb 2019,18.37,18.66,18.37,18.58,256245
XSB.TO,28 Feb 2019,27.39,27.39,27.37,27.39,24150
XSC.TO,28 Feb 2019,19.58,19.6,19.58,19.6,3846
XSE.TO,28 Feb 2019,19.86,19.86,19.77,19.77,2931
XSH.TO,28 Feb 2019,19.07,19.09,19.06,19.06,12455
XSI.TO,28 Feb 2019,18.8,18.82,18.77,18.8,12783
XSP.TO,28 Feb 2019,31.13,31.17,31.05,31.08,308397
XSQ.TO,28 Feb 2019,19.38,19.38,19.38,19.38,12403
XST.TO,28 Feb 2019,60,60.28,59.87,59.87,9443
XSU.TO,28 Feb 2019,32.93,32.99,32.8,32.88,17850
XTC.TO,28 Feb 2019,9.68,9.7,9.5,9.7,16544
XTD.TO,28 Feb 2019,6.44,6.53,6.28,6.28,22800
XTR.TO,28 Feb 2019,10.94,10.94,10.92,10.92,16838
XUH.TO,28 Feb 2019,25.85,25.85,25.72,25.74,3799
XUS.TO,28 Feb 2019,45.88,45.92,45.7,45.73,33376
XUT.TO,28 Feb 2019,22.09,22.35,22.09,22.28,27388
XUU.TO,28 Feb 2019,28.41,28.41,28.21,28.21,14859
XWD.TO,28 Feb 2019,50.04,50.04,49.8,49.82,10301
XXM.TO,28 Feb 2019,12.17,12.28,12.17,12.28,3297
XXM.B.TO,28 Feb 2019,16.28,16.33,16.28,16.29,2500
Y.TO,28 Feb 2019,6,6,5.84,5.94,13872
Y.WT.TO,28 Feb 2019,0.48,0.48,0.48,0.48,501
YGR.TO,28 Feb 2019,3.19,3.23,3.1,3.23,116983
YPG.DB.TO,28 Feb 2019,100,100,100,100,582
YRB.TO,28 Feb 2019,0.03,0.03,0.03,0.03,17500
YRI.TO,28 Feb 2019,3.4,3.42,3.35,3.42,2173350
YXM.TO,28 Feb 2019,13.38,13.38,13.35,13.35,828
YXM.B.TO,28 Feb 2019,17.76,17.76,17.76,17.76,1754
ZAG.TO,28 Feb 2019,15.47,15.47,15.42,15.44,134059
ZAR.TO,28 Feb 2019,0.04,0.05,0.04,0.04,6081334
ZBAL.TO,28 Feb 2019,30.39,30.39,30.33,30.33,5468
ZBK.TO,28 Feb 2019,26.59,26.77,26.56,26.56,18744
ZCB.TO,28 Feb 2019,49.94,49.94,49.94,49.94,225
ZCH.TO,28 Feb 2019,24.68,24.81,24.5,24.67,6323
ZCL.TO,28 Feb 2019,9.97,9.97,9.95,9.96,54019
ZCM.TO,28 Feb 2019,16.06,16.06,16.03,16.03,8511
ZCN.TO,28 Feb 2019,21.71,21.76,21.64,21.69,85177
ZCON.TO,28 Feb 2019,30.29,30.29,30.29,30.29,575
ZCS.TO,28 Feb 2019,14.06,14.08,14.05,14.06,21449
ZDB.TO,28 Feb 2019,15.83,15.83,15.79,15.8,4113
ZDH.TO,28 Feb 2019,21.78,21.88,21.78,21.85,21129
ZDI.TO,28 Feb 2019,20.96,21.02,20.91,20.96,13291
ZDJ.TO,28 Feb 2019,43.5,43.5,43.33,43.33,8654
ZDM.TO,28 Feb 2019,20.81,20.82,20.8,20.82,13783
ZDV.TO,28 Feb 2019,16.81,16.87,16.8,16.83,67533
ZDY.TO,28 Feb 2019,31.85,31.85,31.6,31.63,6325
ZDY.U.TO,28 Feb 2019,24.58,24.58,24.58,24.58,160
ZEA.TO,28 Feb 2019,18.04,18.09,18,18,23686
ZEB.TO,28 Feb 2019,28.9,29.09,28.87,28.95,994616
ZEF.TO,28 Feb 2019,15.67,15.67,15.56,15.56,3484
ZEM.TO,28 Feb 2019,19.77,19.77,19.55,19.55,26719
ZEO.TO,28 Feb 2019,45.41,45.41,44.73,44.81,76866
ZEQ.TO,28 Feb 2019,20.09,20.09,20.03,20.08,2788
ZEUS.TO,28 Feb 2019,21.83,21.83,21.83,21.83,100
ZFH.TO,28 Feb 2019,15.34,15.36,15.32,15.32,4768
ZFL.TO,28 Feb 2019,17.38,17.38,17.38,17.38,798
ZFM.TO,28 Feb 2019,16.15,16.15,16.13,16.13,7516
ZFN.TO,28 Feb 2019,30.62,30.62,30.62,30.62,198
ZFS.TO,28 Feb 2019,14.21,14.21,14.21,14.21,40928
ZGB.TO,28 Feb 2019,50.57,50.58,50.54,50.54,1371
ZGD.TO,28 Feb 2019,45.91,45.91,45.91,45.91,100
ZGI.TO,28 Feb 2019,36.5,36.69,36.45,36.5,3093
ZGQ.TO,28 Feb 2019,31.5,31.54,31.45,31.45,1164
ZGRO.TO,28 Feb 2019,30.47,30.47,30.37,30.37,3600
ZHP.TO,28 Feb 2019,23.92,24,23.85,24,300
ZHY.TO,28 Feb 2019,13.63,13.63,13.57,13.57,13825
ZIC.TO,28 Feb 2019,18.34,18.34,18.28,18.28,6488
ZIC.U.TO,28 Feb 2019,14.16,14.16,14.16,14.16,1600
ZID.TO,28 Feb 2019,25.34,25.37,25.28,25.28,3042
ZIN.TO,28 Feb 2019,27.66,27.66,27.49,27.49,3361
ZJG.TO,28 Feb 2019,46.91,47.07,46.75,47.05,2673
ZJK.TO,28 Feb 2019,20.26,20.26,20.15,20.15,2375
ZJO.TO,28 Feb 2019,47.22,47.23,47.16,47.16,411
ZLB.TO,28 Feb 2019,31.68,31.84,31.68,31.77,44798
ZLC.TO,28 Feb 2019,18.03,18.04,18.01,18.04,5526
ZLD.TO,28 Feb 2019,24.25,24.27,24.19,24.19,3856
ZLH.TO,28 Feb 2019,24.5,24.55,24.5,24.54,828
ZLI.TO,28 Feb 2019,24.59,24.62,24.55,24.55,1342
ZLU.TO,28 Feb 2019,34.49,34.56,34.34,34.5,16872
ZMI.TO,28 Feb 2019,15.94,15.94,15.89,15.89,3318
ZMP.TO,28 Feb 2019,14.91,14.91,14.87,14.88,10994
ZMSB.TO,28 Feb 2019,29.97,29.97,29.97,29.97,3000
ZMU.TO,28 Feb 2019,14.33,14.33,14.3,14.31,6422
ZNQ.TO,28 Feb 2019,30.03,30.03,30.03,30.03,107
ZPH.TO,28 Feb 2019,17.51,17.51,17.5,17.5,253
ZPL.TO,28 Feb 2019,15.78,15.78,15.69,15.71,10793
ZPR.TO,28 Feb 2019,10.22,10.25,10.2,10.25,183635
ZPS.TO,28 Feb 2019,13.31,13.32,13.31,13.31,947
ZPW.TO,28 Feb 2019,16.97,16.97,16.88,16.88,1850
ZQQ.TO,28 Feb 2019,53,53.22,52.97,53.02,47458
ZRE.TO,28 Feb 2019,22.74,23.05,22.74,23.02,44763
ZRR.TO,28 Feb 2019,16.95,16.96,16.9,16.9,1213
ZSP.TO,28 Feb 2019,40.51,40.55,40.35,40.37,87516
ZSP.U.TO,28 Feb 2019,30.86,30.86,30.86,30.86,834
ZST.TO,28 Feb 2019,51.03,51.06,51.03,51.04,11608
ZST.L.TO,28 Feb 2019,51.85,51.85,51.84,51.84,3684
ZSU.TO,28 Feb 2019,14.41,14.45,14.41,14.45,600
ZUB.TO,28 Feb 2019,27.83,28,27.82,27.84,30411
ZUD.TO,28 Feb 2019,24.3,24.3,24.09,24.09,2558
ZUE.TO,28 Feb 2019,41.62,41.63,41.51,41.53,22111
ZUH.TO,28 Feb 2019,53.82,53.94,53.73,53.75,14094
ZUP.TO,28 Feb 2019,24.6,24.6,24.59,24.6,1000
ZUQ.TO,28 Feb 2019,35.24,35.24,35.2,35.2,1276
ZUT.TO,28 Feb 2019,17.27,17.42,17.23,17.36,22341
ZVI.TO,28 Feb 2019,19.61,19.61,19.61,19.61,2000
ZVU.TO,28 Feb 2019,21.76,21.76,21.76,21.76,100
ZWA.TO,28 Feb 2019,22.97,23.05,22.91,22.96,6320
ZWB.TO,28 Feb 2019,18.58,18.65,18.53,18.58,201699
ZWC.TO,28 Feb 2019,18.93,19,18.93,18.95,24658
ZWE.TO,28 Feb 2019,19.81,19.89,19.8,19.84,27779
ZWH.TO,28 Feb 2019,20.35,20.35,20.27,20.29,27427
ZWH.U.TO,28 Feb 2019,21.14,21.14,21.13,21.13,1879
ZWK.TO,28 Feb 2019,30.51,30.52,30.4,30.4,3450
ZWP.TO,28 Feb 2019,18.21,18.21,18.02,18.02,8011
ZWS.TO,28 Feb 2019,19.35,19.37,19.33,19.37,2500
ZWU.TO,28 Feb 2019,13.15,13.2,13.15,13.2,80248
ZXM.TO,28 Feb 2019,26.37,26.5,26.37,26.5,957
ZXM.B.TO,28 Feb 2019,28.38,28.38,28.38,28.38,2630
ZYME.TO,28 Feb 2019,19.68,20,19.68,19.94,2447
ZZZ.TO,28 Feb 2019,20.47,21.47,20.43,21.41,369986
ZZZD.TO,28 Feb 2019,31.42,31.42,31.39,31.4,1492
